condition,site,wildtype,mutation,mut_escape,site_total_escape,site_max_escape
268C.3 - BA2,331,N,A,0.00825,0.07763,0.009994
268C.3 - BA2,331,N,D,0.004447,0.07763,0.009994
268C.3 - BA2,331,N,E,0.005189,0.07763,0.009994
268C.3 - BA2,331,N,G,0.004613,0.07763,0.009994
268C.3 - BA2,331,N,H,0.004619,0.07763,0.009994
268C.3 - BA2,331,N,K,0.008546,0.07763,0.009994
268C.3 - BA2,331,N,M,0.004898,0.07763,0.009994
268C.3 - BA2,331,N,P,0.004737,0.07763,0.009994
268C.3 - BA2,331,N,Q,0.004459,0.07763,0.009994
268C.3 - BA2,331,N,R,0.009994,0.07763,0.009994
268C.3 - BA2,331,N,S,0.006736,0.07763,0.009994
268C.3 - BA2,331,N,T,0.006862,0.07763,0.009994
268C.3 - BA2,331,N,V,0.00428,0.07763,0.009994
268C.3 - BA2,332,I,A,0.003958,0.1149,0.01476
268C.3 - BA2,332,I,C,0.004741,0.1149,0.01476
268C.3 - BA2,332,I,D,0.01149,0.1149,0.01476
268C.3 - BA2,332,I,E,0.004231,0.1149,0.01476
268C.3 - BA2,332,I,F,0.004259,0.1149,0.01476
268C.3 - BA2,332,I,G,0.004691,0.1149,0.01476
268C.3 - BA2,332,I,H,0.008443,0.1149,0.01476
268C.3 - BA2,332,I,K,0.00443,0.1149,0.01476
268C.3 - BA2,332,I,L,0.005114,0.1149,0.01476
268C.3 - BA2,332,I,M,0.007845,0.1149,0.01476
268C.3 - BA2,332,I,N,0.004635,0.1149,0.01476
268C.3 - BA2,332,I,P,0.005996,0.1149,0.01476
268C.3 - BA2,332,I,Q,0.01476,0.1149,0.01476
268C.3 - BA2,332,I,R,0.004152,0.1149,0.01476
268C.3 - BA2,332,I,S,0.006856,0.1149,0.01476
268C.3 - BA2,332,I,T,0.003862,0.1149,0.01476
268C.3 - BA2,332,I,V,0.003913,0.1149,0.01476
268C.3 - BA2,332,I,W,0.006926,0.1149,0.01476
268C.3 - BA2,332,I,Y,0.004566,0.1149,0.01476
268C.3 - BA2,333,T,A,0.007154,0.1057,0.02124
268C.3 - BA2,333,T,D,0.006124,0.1057,0.02124
268C.3 - BA2,333,T,E,0.004657,0.1057,0.02124
268C.3 - BA2,333,T,G,0.006536,0.1057,0.02124
268C.3 - BA2,333,T,H,0.004954,0.1057,0.02124
268C.3 - BA2,333,T,K,0.004058,0.1057,0.02124
268C.3 - BA2,333,T,L,0.006057,0.1057,0.02124
268C.3 - BA2,333,T,M,0.005273,0.1057,0.02124
268C.3 - BA2,333,T,N,0.009999,0.1057,0.02124
268C.3 - BA2,333,T,P,0.004847,0.1057,0.02124
268C.3 - BA2,333,T,Q,0.006029,0.1057,0.02124
268C.3 - BA2,333,T,R,0.004526,0.1057,0.02124
268C.3 - BA2,333,T,S,0.02124,0.1057,0.02124
268C.3 - BA2,333,T,V,0.007433,0.1057,0.02124
268C.3 - BA2,333,T,Y,0.006765,0.1057,0.02124
268C.3 - BA2,334,N,A,0.01037,0.1146,0.01276
268C.3 - BA2,334,N,C,0.005078,0.1146,0.01276
268C.3 - BA2,334,N,D,0.004576,0.1146,0.01276
268C.3 - BA2,334,N,E,0.007115,0.1146,0.01276
268C.3 - BA2,334,N,F,0.004227,0.1146,0.01276
268C.3 - BA2,334,N,G,0.008411,0.1146,0.01276
268C.3 - BA2,334,N,H,0.004756,0.1146,0.01276
268C.3 - BA2,334,N,I,0.004635,0.1146,0.01276
268C.3 - BA2,334,N,K,0.004296,0.1146,0.01276
268C.3 - BA2,334,N,L,0.007026,0.1146,0.01276
268C.3 - BA2,334,N,M,0.01075,0.1146,0.01276
268C.3 - BA2,334,N,P,0.005531,0.1146,0.01276
268C.3 - BA2,334,N,Q,0.004475,0.1146,0.01276
268C.3 - BA2,334,N,R,0.005166,0.1146,0.01276
268C.3 - BA2,334,N,S,0.005819,0.1146,0.01276
268C.3 - BA2,334,N,T,0.004864,0.1146,0.01276
268C.3 - BA2,334,N,V,0.01276,0.1146,0.01276
268C.3 - BA2,334,N,Y,0.004779,0.1146,0.01276
268C.3 - BA2,335,L,A,0.00853,0.1045,0.0103
268C.3 - BA2,335,L,C,0.005682,0.1045,0.0103
268C.3 - BA2,335,L,D,0.004219,0.1045,0.0103
268C.3 - BA2,335,L,E,0.003995,0.1045,0.0103
268C.3 - BA2,335,L,F,0.004921,0.1045,0.0103
268C.3 - BA2,335,L,G,0.004331,0.1045,0.0103
268C.3 - BA2,335,L,H,0.005214,0.1045,0.0103
268C.3 - BA2,335,L,I,0.005254,0.1045,0.0103
268C.3 - BA2,335,L,K,0.004198,0.1045,0.0103
268C.3 - BA2,335,L,M,0.005088,0.1045,0.0103
268C.3 - BA2,335,L,N,0.004219,0.1045,0.0103
268C.3 - BA2,335,L,P,0.007736,0.1045,0.0103
268C.3 - BA2,335,L,Q,0.005754,0.1045,0.0103
268C.3 - BA2,335,L,R,0.005046,0.1045,0.0103
268C.3 - BA2,335,L,S,0.004716,0.1045,0.0103
268C.3 - BA2,335,L,T,0.006592,0.1045,0.0103
268C.3 - BA2,335,L,V,0.004598,0.1045,0.0103
268C.3 - BA2,335,L,W,0.0103,0.1045,0.0103
268C.3 - BA2,335,L,Y,0.00412,0.1045,0.0103
268C.3 - BA2,337,P,A,0.004361,0.08522,0.01053
268C.3 - BA2,337,P,C,0.005106,0.08522,0.01053
268C.3 - BA2,337,P,D,0.005575,0.08522,0.01053
268C.3 - BA2,337,P,E,0.008161,0.08522,0.01053
268C.3 - BA2,337,P,G,0.004654,0.08522,0.01053
268C.3 - BA2,337,P,H,0.004967,0.08522,0.01053
268C.3 - BA2,337,P,I,0.004411,0.08522,0.01053
268C.3 - BA2,337,P,K,0.01053,0.08522,0.01053
268C.3 - BA2,337,P,L,0.005234,0.08522,0.01053
268C.3 - BA2,337,P,M,0.004827,0.08522,0.01053
268C.3 - BA2,337,P,N,0.003904,0.08522,0.01053
268C.3 - BA2,337,P,Q,0.004712,0.08522,0.01053
268C.3 - BA2,337,P,R,0.00548,0.08522,0.01053
268C.3 - BA2,337,P,S,0.004612,0.08522,0.01053
268C.3 - BA2,337,P,T,0.004376,0.08522,0.01053
268C.3 - BA2,337,P,V,0.00431,0.08522,0.01053
268C.3 - BA2,338,F,I,0.006,0.02244,0.01205
268C.3 - BA2,338,F,L,0.004384,0.02244,0.01205
268C.3 - BA2,338,F,W,0.01205,0.02244,0.01205
268C.3 - BA2,339,D,A,0.004953,0.1176,0.0185
268C.3 - BA2,339,D,E,0.006966,0.1176,0.0185
268C.3 - BA2,339,D,F,0.004087,0.1176,0.0185
268C.3 - BA2,339,D,G,0.005706,0.1176,0.0185
268C.3 - BA2,339,D,H,0.006052,0.1176,0.0185
268C.3 - BA2,339,D,I,0.005984,0.1176,0.0185
268C.3 - BA2,339,D,K,0.004344,0.1176,0.0185
268C.3 - BA2,339,D,L,0.00526,0.1176,0.0185
268C.3 - BA2,339,D,M,0.007903,0.1176,0.0185
268C.3 - BA2,339,D,N,0.01113,0.1176,0.0185
268C.3 - BA2,339,D,P,0.004858,0.1176,0.0185
268C.3 - BA2,339,D,Q,0.005844,0.1176,0.0185
268C.3 - BA2,339,D,R,0.00558,0.1176,0.0185
268C.3 - BA2,339,D,S,0.004675,0.1176,0.0185
268C.3 - BA2,339,D,T,0.00445,0.1176,0.0185
268C.3 - BA2,339,D,V,0.005221,0.1176,0.0185
268C.3 - BA2,339,D,W,0.006123,0.1176,0.0185
268C.3 - BA2,339,D,Y,0.0185,0.1176,0.0185
268C.3 - BA2,340,E,A,0.008685,0.05651,0.008685
268C.3 - BA2,340,E,D,0.004728,0.05651,0.008685
268C.3 - BA2,340,E,K,0.004828,0.05651,0.008685
268C.3 - BA2,340,E,L,0.00643,0.05651,0.008685
268C.3 - BA2,340,E,M,0.005349,0.05651,0.008685
268C.3 - BA2,340,E,Q,0.003884,0.05651,0.008685
268C.3 - BA2,340,E,R,0.008289,0.05651,0.008685
268C.3 - BA2,340,E,S,0.004101,0.05651,0.008685
268C.3 - BA2,340,E,T,0.005198,0.05651,0.008685
268C.3 - BA2,340,E,V,0.005022,0.05651,0.008685
268C.3 - BA2,341,V,I,0.004978,0.01615,0.01117
268C.3 - BA2,341,V,L,0.01117,0.01615,0.01117
268C.3 - BA2,342,F,L,0.004034,0.011,0.006969
268C.3 - BA2,342,F,M,0.006969,0.011,0.006969
268C.3 - BA2,343,N,G,0.005217,0.005217,0.005217
268C.3 - BA2,344,A,E,0.006103,0.03705,0.008743
268C.3 - BA2,344,A,K,0.004414,0.03705,0.008743
268C.3 - BA2,344,A,N,0.003725,0.03705,0.008743
268C.3 - BA2,344,A,Q,0.008743,0.03705,0.008743
268C.3 - BA2,344,A,R,0.006258,0.03705,0.008743
268C.3 - BA2,344,A,S,0.007808,0.03705,0.008743
268C.3 - BA2,345,T,A,0.00452,0.06612,0.01291
268C.3 - BA2,345,T,D,0.006471,0.06612,0.01291
268C.3 - BA2,345,T,E,0.004429,0.06612,0.01291
268C.3 - BA2,345,T,H,0.01291,0.06612,0.01291
268C.3 - BA2,345,T,K,0.004054,0.06612,0.01291
268C.3 - BA2,345,T,N,0.00581,0.06612,0.01291
268C.3 - BA2,345,T,P,0.005368,0.06612,0.01291
268C.3 - BA2,345,T,Q,0.00719,0.06612,0.01291
268C.3 - BA2,345,T,R,0.01106,0.06612,0.01291
268C.3 - BA2,345,T,S,0.004307,0.06612,0.01291
268C.3 - BA2,346,R,A,0.005684,0.1037,0.00918
268C.3 - BA2,346,R,C,0.003967,0.1037,0.00918
268C.3 - BA2,346,R,D,0.004426,0.1037,0.00918
268C.3 - BA2,346,R,E,0.005141,0.1037,0.00918
268C.3 - BA2,346,R,F,0.006407,0.1037,0.00918
268C.3 - BA2,346,R,G,0.004537,0.1037,0.00918
268C.3 - BA2,346,R,H,0.005357,0.1037,0.00918
268C.3 - BA2,346,R,I,0.004489,0.1037,0.00918
268C.3 - BA2,346,R,K,0.009004,0.1037,0.00918
268C.3 - BA2,346,R,L,0.004399,0.1037,0.00918
268C.3 - BA2,346,R,M,0.007874,0.1037,0.00918
268C.3 - BA2,346,R,N,0.004526,0.1037,0.00918
268C.3 - BA2,346,R,Q,0.00918,0.1037,0.00918
268C.3 - BA2,346,R,S,0.004325,0.1037,0.00918
268C.3 - BA2,346,R,T,0.006059,0.1037,0.00918
268C.3 - BA2,346,R,V,0.009164,0.1037,0.00918
268C.3 - BA2,346,R,W,0.00459,0.1037,0.00918
268C.3 - BA2,346,R,Y,0.004609,0.1037,0.00918
268C.3 - BA2,347,F,W,0.004267,0.004267,0.004267
268C.3 - BA2,348,A,D,0.004324,0.06258,0.007682
268C.3 - BA2,348,A,E,0.007682,0.06258,0.007682
268C.3 - BA2,348,A,G,0.006419,0.06258,0.007682
268C.3 - BA2,348,A,H,0.007309,0.06258,0.007682
268C.3 - BA2,348,A,K,0.006402,0.06258,0.007682
268C.3 - BA2,348,A,N,0.00516,0.06258,0.007682
268C.3 - BA2,348,A,P,0.005587,0.06258,0.007682
268C.3 - BA2,348,A,Q,0.004326,0.06258,0.007682
268C.3 - BA2,348,A,R,0.005462,0.06258,0.007682
268C.3 - BA2,348,A,S,0.005657,0.06258,0.007682
268C.3 - BA2,348,A,Y,0.004254,0.06258,0.007682
268C.3 - BA2,349,S,A,0.006133,0.03582,0.009847
268C.3 - BA2,349,S,D,0.005843,0.03582,0.009847
268C.3 - BA2,349,S,H,0.009847,0.03582,0.009847
268C.3 - BA2,349,S,N,0.008996,0.03582,0.009847
268C.3 - BA2,349,S,P,0.005004,0.03582,0.009847
268C.3 - BA2,350,V,I,0.007123,0.02095,0.01383
268C.3 - BA2,350,V,P,0.01383,0.02095,0.01383
268C.3 - BA2,351,Y,F,0.004197,0.02234,0.006363
268C.3 - BA2,351,Y,H,0.006363,0.02234,0.006363
268C.3 - BA2,351,Y,V,0.006292,0.02234,0.006363
268C.3 - BA2,351,Y,W,0.005484,0.02234,0.006363
268C.3 - BA2,352,A,C,0.004442,0.07699,0.01294
268C.3 - BA2,352,A,D,0.006302,0.07699,0.01294
268C.3 - BA2,352,A,E,0.003564,0.07699,0.01294
268C.3 - BA2,352,A,G,0.004911,0.07699,0.01294
268C.3 - BA2,352,A,H,0.005073,0.07699,0.01294
268C.3 - BA2,352,A,K,0.003684,0.07699,0.01294
268C.3 - BA2,352,A,M,0.006434,0.07699,0.01294
268C.3 - BA2,352,A,N,0.006618,0.07699,0.01294
268C.3 - BA2,352,A,Q,0.01294,0.07699,0.01294
268C.3 - BA2,352,A,R,0.00428,0.07699,0.01294
268C.3 - BA2,352,A,S,0.007666,0.07699,0.01294
268C.3 - BA2,352,A,T,0.006417,0.07699,0.01294
268C.3 - BA2,352,A,Y,0.004663,0.07699,0.01294
268C.3 - BA2,353,W,F,0.007959,0.03278,0.02482
268C.3 - BA2,353,W,Y,0.02482,0.03278,0.02482
268C.3 - BA2,354,N,A,0.007481,0.0646,0.01098
268C.3 - BA2,354,N,D,0.004072,0.0646,0.01098
268C.3 - BA2,354,N,E,0.004648,0.0646,0.01098
268C.3 - BA2,354,N,G,0.01098,0.0646,0.01098
268C.3 - BA2,354,N,H,0.005418,0.0646,0.01098
268C.3 - BA2,354,N,K,0.005458,0.0646,0.01098
268C.3 - BA2,354,N,Q,0.004282,0.0646,0.01098
268C.3 - BA2,354,N,R,0.004453,0.0646,0.01098
268C.3 - BA2,354,N,S,0.008746,0.0646,0.01098
268C.3 - BA2,354,N,T,0.004467,0.0646,0.01098
268C.3 - BA2,354,N,V,0.004594,0.0646,0.01098
268C.3 - BA2,356,K,A,0.005251,0.0719,0.01505
268C.3 - BA2,356,K,H,0.004437,0.0719,0.01505
268C.3 - BA2,356,K,I,0.003891,0.0719,0.01505
268C.3 - BA2,356,K,L,0.01505,0.0719,0.01505
268C.3 - BA2,356,K,M,0.003665,0.0719,0.01505
268C.3 - BA2,356,K,Q,0.004256,0.0719,0.01505
268C.3 - BA2,356,K,R,0.0139,0.0719,0.01505
268C.3 - BA2,356,K,S,0.006616,0.0719,0.01505
268C.3 - BA2,356,K,T,0.006217,0.0719,0.01505
268C.3 - BA2,356,K,V,0.004645,0.0719,0.01505
268C.3 - BA2,356,K,Y,0.00398,0.0719,0.01505
268C.3 - BA2,357,R,A,0.004554,0.1025,0.01402
268C.3 - BA2,357,R,C,0.00948,0.1025,0.01402
268C.3 - BA2,357,R,D,0.006406,0.1025,0.01402
268C.3 - BA2,357,R,E,0.00393,0.1025,0.01402
268C.3 - BA2,357,R,F,0.004384,0.1025,0.01402
268C.3 - BA2,357,R,H,0.004839,0.1025,0.01402
268C.3 - BA2,357,R,I,0.006013,0.1025,0.01402
268C.3 - BA2,357,R,K,0.005974,0.1025,0.01402
268C.3 - BA2,357,R,L,0.01402,0.1025,0.01402
268C.3 - BA2,357,R,M,0.005539,0.1025,0.01402
268C.3 - BA2,357,R,N,0.004973,0.1025,0.01402
268C.3 - BA2,357,R,P,0.007451,0.1025,0.01402
268C.3 - BA2,357,R,Q,0.005934,0.1025,0.01402
268C.3 - BA2,357,R,S,0.0042,0.1025,0.01402
268C.3 - BA2,357,R,T,0.003952,0.1025,0.01402
268C.3 - BA2,357,R,V,0.00517,0.1025,0.01402
268C.3 - BA2,357,R,Y,0.005653,0.1025,0.01402
268C.3 - BA2,358,I,F,0.01019,0.02924,0.01019
268C.3 - BA2,358,I,L,0.006465,0.02924,0.01019
268C.3 - BA2,358,I,M,0.004693,0.02924,0.01019
268C.3 - BA2,358,I,W,0.004448,0.02924,0.01019
268C.3 - BA2,358,I,Y,0.003449,0.02924,0.01019
268C.3 - BA2,359,S,A,0.005681,0.08514,0.0067
268C.3 - BA2,359,S,C,0.003982,0.08514,0.0067
268C.3 - BA2,359,S,D,0.0067,0.08514,0.0067
268C.3 - BA2,359,S,E,0.005753,0.08514,0.0067
268C.3 - BA2,359,S,F,0.004151,0.08514,0.0067
268C.3 - BA2,359,S,G,0.004524,0.08514,0.0067
268C.3 - BA2,359,S,H,0.004479,0.08514,0.0067
268C.3 - BA2,359,S,I,0.006206,0.08514,0.0067
268C.3 - BA2,359,S,K,0.004537,0.08514,0.0067
268C.3 - BA2,359,S,M,0.006258,0.08514,0.0067
268C.3 - BA2,359,S,N,0.00416,0.08514,0.0067
268C.3 - BA2,359,S,P,0.004283,0.08514,0.0067
268C.3 - BA2,359,S,Q,0.004868,0.08514,0.0067
268C.3 - BA2,359,S,R,0.003602,0.08514,0.0067
268C.3 - BA2,359,S,T,0.005274,0.08514,0.0067
268C.3 - BA2,359,S,V,0.004967,0.08514,0.0067
268C.3 - BA2,359,S,Y,0.00571,0.08514,0.0067
268C.3 - BA2,360,N,A,0.01068,0.03393,0.01068
268C.3 - BA2,360,N,D,0.004492,0.03393,0.01068
268C.3 - BA2,360,N,E,0.006382,0.03393,0.01068
268C.3 - BA2,360,N,G,0.004008,0.03393,0.01068
268C.3 - BA2,360,N,H,0.00437,0.03393,0.01068
268C.3 - BA2,360,N,S,0.003999,0.03393,0.01068
268C.3 - BA2,362,V,A,0.004119,0.08526,0.01234
268C.3 - BA2,362,V,C,0.003776,0.08526,0.01234
268C.3 - BA2,362,V,D,0.004518,0.08526,0.01234
268C.3 - BA2,362,V,E,0.004505,0.08526,0.01234
268C.3 - BA2,362,V,F,0.004764,0.08526,0.01234
268C.3 - BA2,362,V,H,0.005524,0.08526,0.01234
268C.3 - BA2,362,V,I,0.00404,0.08526,0.01234
268C.3 - BA2,362,V,K,0.004728,0.08526,0.01234
268C.3 - BA2,362,V,L,0.004306,0.08526,0.01234
268C.3 - BA2,362,V,M,0.01234,0.08526,0.01234
268C.3 - BA2,362,V,N,0.00449,0.08526,0.01234
268C.3 - BA2,362,V,Q,0.004111,0.08526,0.01234
268C.3 - BA2,362,V,R,0.005451,0.08526,0.01234
268C.3 - BA2,362,V,S,0.003927,0.08526,0.01234
268C.3 - BA2,362,V,T,0.005425,0.08526,0.01234
268C.3 - BA2,362,V,W,0.004097,0.08526,0.01234
268C.3 - BA2,362,V,Y,0.005144,0.08526,0.01234
268C.3 - BA2,363,A,C,0.004627,0.07368,0.008059
268C.3 - BA2,363,A,F,0.007869,0.07368,0.008059
268C.3 - BA2,363,A,G,0.003923,0.07368,0.008059
268C.3 - BA2,363,A,I,0.005634,0.07368,0.008059
268C.3 - BA2,363,A,L,0.004785,0.07368,0.008059
268C.3 - BA2,363,A,M,0.00438,0.07368,0.008059
268C.3 - BA2,363,A,P,0.005214,0.07368,0.008059
268C.3 - BA2,363,A,Q,0.00625,0.07368,0.008059
268C.3 - BA2,363,A,S,0.006628,0.07368,0.008059
268C.3 - BA2,363,A,T,0.008059,0.07368,0.008059
268C.3 - BA2,363,A,V,0.004772,0.07368,0.008059
268C.3 - BA2,363,A,W,0.006076,0.07368,0.008059
268C.3 - BA2,363,A,Y,0.005468,0.07368,0.008059
268C.3 - BA2,364,D,L,0.08385,0.08909,0.08385
268C.3 - BA2,364,D,N,0.005243,0.08909,0.08385
268C.3 - BA2,365,Y,A,0.006591,0.06874,0.009358
268C.3 - BA2,365,Y,E,0.004036,0.06874,0.009358
268C.3 - BA2,365,Y,F,0.00742,0.06874,0.009358
268C.3 - BA2,365,Y,G,0.006486,0.06874,0.009358
268C.3 - BA2,365,Y,I,0.003626,0.06874,0.009358
268C.3 - BA2,365,Y,L,0.004548,0.06874,0.009358
268C.3 - BA2,365,Y,M,0.005781,0.06874,0.009358
268C.3 - BA2,365,Y,P,0.005655,0.06874,0.009358
268C.3 - BA2,365,Y,S,0.005581,0.06874,0.009358
268C.3 - BA2,365,Y,T,0.005109,0.06874,0.009358
268C.3 - BA2,365,Y,V,0.009358,0.06874,0.009358
268C.3 - BA2,365,Y,W,0.004546,0.06874,0.009358
268C.3 - BA2,366,S,A,0.004538,0.05883,0.008083
268C.3 - BA2,366,S,D,0.004585,0.05883,0.008083
268C.3 - BA2,366,S,E,0.008083,0.05883,0.008083
268C.3 - BA2,366,S,G,0.004784,0.05883,0.008083
268C.3 - BA2,366,S,H,0.004554,0.05883,0.008083
268C.3 - BA2,366,S,K,0.003961,0.05883,0.008083
268C.3 - BA2,366,S,M,0.004972,0.05883,0.008083
268C.3 - BA2,366,S,N,0.004838,0.05883,0.008083
268C.3 - BA2,366,S,Q,0.00534,0.05883,0.008083
268C.3 - BA2,366,S,R,0.007073,0.05883,0.008083
268C.3 - BA2,366,S,T,0.006099,0.05883,0.008083
268C.3 - BA2,367,V,A,0.003867,0.1239,0.01378
268C.3 - BA2,367,V,C,0.004845,0.1239,0.01378
268C.3 - BA2,367,V,D,0.00612,0.1239,0.01378
268C.3 - BA2,367,V,E,0.00478,0.1239,0.01378
268C.3 - BA2,367,V,F,0.007098,0.1239,0.01378
268C.3 - BA2,367,V,G,0.011,0.1239,0.01378
268C.3 - BA2,367,V,H,0.00423,0.1239,0.01378
268C.3 - BA2,367,V,I,0.004958,0.1239,0.01378
268C.3 - BA2,367,V,K,0.01351,0.1239,0.01378
268C.3 - BA2,367,V,L,0.005055,0.1239,0.01378
268C.3 - BA2,367,V,M,0.008166,0.1239,0.01378
268C.3 - BA2,367,V,N,0.003996,0.1239,0.01378
268C.3 - BA2,367,V,Q,0.008151,0.1239,0.01378
268C.3 - BA2,367,V,R,0.01378,0.1239,0.01378
268C.3 - BA2,367,V,S,0.005523,0.1239,0.01378
268C.3 - BA2,367,V,T,0.006347,0.1239,0.01378
268C.3 - BA2,367,V,W,0.004635,0.1239,0.01378
268C.3 - BA2,367,V,Y,0.00789,0.1239,0.01378
268C.3 - BA2,368,L,F,0.005672,0.0244,0.009119
268C.3 - BA2,368,L,I,0.004755,0.0244,0.009119
268C.3 - BA2,368,L,M,0.009119,0.0244,0.009119
268C.3 - BA2,368,L,V,0.004851,0.0244,0.009119
268C.3 - BA2,369,Y,A,0.005161,0.114,0.01129
268C.3 - BA2,369,Y,C,0.007219,0.114,0.01129
268C.3 - BA2,369,Y,D,0.0108,0.114,0.01129
268C.3 - BA2,369,Y,E,0.004816,0.114,0.01129
268C.3 - BA2,369,Y,F,0.004409,0.114,0.01129
268C.3 - BA2,369,Y,G,0.006746,0.114,0.01129
268C.3 - BA2,369,Y,H,0.007727,0.114,0.01129
268C.3 - BA2,369,Y,I,0.008203,0.114,0.01129
268C.3 - BA2,369,Y,K,0.003328,0.114,0.01129
268C.3 - BA2,369,Y,L,0.005764,0.114,0.01129
268C.3 - BA2,369,Y,M,0.004328,0.114,0.01129
268C.3 - BA2,369,Y,N,0.003841,0.114,0.01129
268C.3 - BA2,369,Y,P,0.004941,0.114,0.01129
268C.3 - BA2,369,Y,Q,0.004774,0.114,0.01129
268C.3 - BA2,369,Y,R,0.005033,0.114,0.01129
268C.3 - BA2,369,Y,S,0.01129,0.114,0.01129
268C.3 - BA2,369,Y,T,0.006792,0.114,0.01129
268C.3 - BA2,369,Y,V,0.004479,0.114,0.01129
268C.3 - BA2,369,Y,W,0.004374,0.114,0.01129
268C.3 - BA2,370,N,A,0.00497,0.08164,0.01131
268C.3 - BA2,370,N,D,0.005153,0.08164,0.01131
268C.3 - BA2,370,N,E,0.008786,0.08164,0.01131
268C.3 - BA2,370,N,G,0.004501,0.08164,0.01131
268C.3 - BA2,370,N,H,0.004249,0.08164,0.01131
268C.3 - BA2,370,N,K,0.008384,0.08164,0.01131
268C.3 - BA2,370,N,L,0.01131,0.08164,0.01131
268C.3 - BA2,370,N,M,0.004915,0.08164,0.01131
268C.3 - BA2,370,N,P,0.004678,0.08164,0.01131
268C.3 - BA2,370,N,Q,0.004899,0.08164,0.01131
268C.3 - BA2,370,N,R,0.005357,0.08164,0.01131
268C.3 - BA2,370,N,S,0.004459,0.08164,0.01131
268C.3 - BA2,370,N,T,0.004353,0.08164,0.01131
268C.3 - BA2,370,N,Y,0.005631,0.08164,0.01131
268C.3 - BA2,371,F,A,0.004604,0.09579,0.01736
268C.3 - BA2,371,F,C,0.004599,0.09579,0.01736
268C.3 - BA2,371,F,D,0.004722,0.09579,0.01736
268C.3 - BA2,371,F,E,0.005587,0.09579,0.01736
268C.3 - BA2,371,F,G,0.00394,0.09579,0.01736
268C.3 - BA2,371,F,H,0.003436,0.09579,0.01736
268C.3 - BA2,371,F,I,0.006097,0.09579,0.01736
268C.3 - BA2,371,F,K,0.004561,0.09579,0.01736
268C.3 - BA2,371,F,L,0.004507,0.09579,0.01736
268C.3 - BA2,371,F,M,0.004063,0.09579,0.01736
268C.3 - BA2,371,F,N,0.003212,0.09579,0.01736
268C.3 - BA2,371,F,Q,0.004532,0.09579,0.01736
268C.3 - BA2,371,F,R,0.00463,0.09579,0.01736
268C.3 - BA2,371,F,S,0.006544,0.09579,0.01736
268C.3 - BA2,371,F,T,0.004131,0.09579,0.01736
268C.3 - BA2,371,F,V,0.01736,0.09579,0.01736
268C.3 - BA2,371,F,W,0.005065,0.09579,0.01736
268C.3 - BA2,371,F,Y,0.004199,0.09579,0.01736
268C.3 - BA2,372,A,E,0.004764,0.1196,0.02373
268C.3 - BA2,372,A,F,0.02373,0.1196,0.02373
268C.3 - BA2,372,A,G,0.009051,0.1196,0.02373
268C.3 - BA2,372,A,H,0.0039,0.1196,0.02373
268C.3 - BA2,372,A,I,0.003708,0.1196,0.02373
268C.3 - BA2,372,A,K,0.009546,0.1196,0.02373
268C.3 - BA2,372,A,L,0.005256,0.1196,0.02373
268C.3 - BA2,372,A,M,0.005342,0.1196,0.02373
268C.3 - BA2,372,A,N,0.005027,0.1196,0.02373
268C.3 - BA2,372,A,Q,0.006595,0.1196,0.02373
268C.3 - BA2,372,A,R,0.005837,0.1196,0.02373
268C.3 - BA2,372,A,S,0.01014,0.1196,0.02373
268C.3 - BA2,372,A,T,0.005498,0.1196,0.02373
268C.3 - BA2,372,A,V,0.004875,0.1196,0.02373
268C.3 - BA2,372,A,Y,0.01633,0.1196,0.02373
268C.3 - BA2,373,P,A,0.006176,0.07755,0.01859
268C.3 - BA2,373,P,D,0.01859,0.07755,0.01859
268C.3 - BA2,373,P,E,0.004385,0.07755,0.01859
268C.3 - BA2,373,P,G,0.00864,0.07755,0.01859
268C.3 - BA2,373,P,H,0.004039,0.07755,0.01859
268C.3 - BA2,373,P,K,0.004675,0.07755,0.01859
268C.3 - BA2,373,P,N,0.004826,0.07755,0.01859
268C.3 - BA2,373,P,Q,0.004584,0.07755,0.01859
268C.3 - BA2,373,P,R,0.006947,0.07755,0.01859
268C.3 - BA2,373,P,S,0.004792,0.07755,0.01859
268C.3 - BA2,373,P,T,0.004997,0.07755,0.01859
268C.3 - BA2,373,P,Y,0.0049,0.07755,0.01859
268C.3 - BA2,374,F,A,0.004692,0.1117,0.01066
268C.3 - BA2,374,F,C,0.007312,0.1117,0.01066
268C.3 - BA2,374,F,D,0.004204,0.1117,0.01066
268C.3 - BA2,374,F,E,0.006196,0.1117,0.01066
268C.3 - BA2,374,F,G,0.005713,0.1117,0.01066
268C.3 - BA2,374,F,H,0.004906,0.1117,0.01066
268C.3 - BA2,374,F,I,0.004493,0.1117,0.01066
268C.3 - BA2,374,F,K,0.004727,0.1117,0.01066
268C.3 - BA2,374,F,L,0.005139,0.1117,0.01066
268C.3 - BA2,374,F,M,0.005804,0.1117,0.01066
268C.3 - BA2,374,F,N,0.009078,0.1117,0.01066
268C.3 - BA2,374,F,P,0.005217,0.1117,0.01066
268C.3 - BA2,374,F,Q,0.007513,0.1117,0.01066
268C.3 - BA2,374,F,R,0.01066,0.1117,0.01066
268C.3 - BA2,374,F,S,0.004715,0.1117,0.01066
268C.3 - BA2,374,F,T,0.004541,0.1117,0.01066
268C.3 - BA2,374,F,V,0.004684,0.1117,0.01066
268C.3 - BA2,374,F,W,0.004589,0.1117,0.01066
268C.3 - BA2,374,F,Y,0.007516,0.1117,0.01066
268C.3 - BA2,375,F,A,0.006638,0.1134,0.01067
268C.3 - BA2,375,F,C,0.006149,0.1134,0.01067
268C.3 - BA2,375,F,D,0.006906,0.1134,0.01067
268C.3 - BA2,375,F,E,0.005835,0.1134,0.01067
268C.3 - BA2,375,F,G,0.006987,0.1134,0.01067
268C.3 - BA2,375,F,H,0.004341,0.1134,0.01067
268C.3 - BA2,375,F,I,0.005215,0.1134,0.01067
268C.3 - BA2,375,F,K,0.005714,0.1134,0.01067
268C.3 - BA2,375,F,L,0.005869,0.1134,0.01067
268C.3 - BA2,375,F,M,0.007338,0.1134,0.01067
268C.3 - BA2,375,F,N,0.005402,0.1134,0.01067
268C.3 - BA2,375,F,P,0.004761,0.1134,0.01067
268C.3 - BA2,375,F,Q,0.01067,0.1134,0.01067
268C.3 - BA2,375,F,R,0.005423,0.1134,0.01067
268C.3 - BA2,375,F,S,0.005146,0.1134,0.01067
268C.3 - BA2,375,F,T,0.006623,0.1134,0.01067
268C.3 - BA2,375,F,V,0.00424,0.1134,0.01067
268C.3 - BA2,375,F,W,0.004753,0.1134,0.01067
268C.3 - BA2,375,F,Y,0.005439,0.1134,0.01067
268C.3 - BA2,376,A,C,0.005841,0.08995,0.006334
268C.3 - BA2,376,A,D,0.005518,0.08995,0.006334
268C.3 - BA2,376,A,E,0.004565,0.08995,0.006334
268C.3 - BA2,376,A,F,0.006007,0.08995,0.006334
268C.3 - BA2,376,A,G,0.004029,0.08995,0.006334
268C.3 - BA2,376,A,H,0.005145,0.08995,0.006334
268C.3 - BA2,376,A,I,0.006147,0.08995,0.006334
268C.3 - BA2,376,A,K,0.003975,0.08995,0.006334
268C.3 - BA2,376,A,L,0.003575,0.08995,0.006334
268C.3 - BA2,376,A,M,0.005424,0.08995,0.006334
268C.3 - BA2,376,A,N,0.004406,0.08995,0.006334
268C.3 - BA2,376,A,Q,0.004048,0.08995,0.006334
268C.3 - BA2,376,A,R,0.006334,0.08995,0.006334
268C.3 - BA2,376,A,S,0.004962,0.08995,0.006334
268C.3 - BA2,376,A,T,0.004321,0.08995,0.006334
268C.3 - BA2,376,A,V,0.006052,0.08995,0.006334
268C.3 - BA2,376,A,W,0.003716,0.08995,0.006334
268C.3 - BA2,376,A,Y,0.005885,0.08995,0.006334
268C.3 - BA2,377,F,A,0.01109,0.058,0.01795
268C.3 - BA2,377,F,I,0.01795,0.058,0.01795
268C.3 - BA2,377,F,L,0.004213,0.058,0.01795
268C.3 - BA2,377,F,M,0.005284,0.058,0.01795
268C.3 - BA2,377,F,T,0.006213,0.058,0.01795
268C.3 - BA2,377,F,V,0.004375,0.058,0.01795
268C.3 - BA2,377,F,W,0.004151,0.058,0.01795
268C.3 - BA2,377,F,Y,0.004731,0.058,0.01795
268C.3 - BA2,378,K,D,0.004815,0.03812,0.006949
268C.3 - BA2,378,K,E,0.003955,0.03812,0.006949
268C.3 - BA2,378,K,H,0.005195,0.03812,0.006949
268C.3 - BA2,378,K,N,0.005057,0.03812,0.006949
268C.3 - BA2,378,K,Q,0.00427,0.03812,0.006949
268C.3 - BA2,378,K,R,0.0046,0.03812,0.006949
268C.3 - BA2,378,K,S,0.006949,0.03812,0.006949
268C.3 - BA2,378,K,T,0.003275,0.03812,0.006949
268C.3 - BA2,380,Y,F,0.005872,0.01017,0.005872
268C.3 - BA2,380,Y,W,0.004303,0.01017,0.005872
268C.3 - BA2,381,G,H,0.008578,0.03053,0.008578
268C.3 - BA2,381,G,K,0.005218,0.03053,0.008578
268C.3 - BA2,381,G,N,0.005985,0.03053,0.008578
268C.3 - BA2,381,G,Q,0.005166,0.03053,0.008578
268C.3 - BA2,381,G,R,0.005581,0.03053,0.008578
268C.3 - BA2,382,V,C,0.005756,0.03038,0.005948
268C.3 - BA2,382,V,F,0.004792,0.03038,0.005948
268C.3 - BA2,382,V,I,0.004428,0.03038,0.005948
268C.3 - BA2,382,V,L,0.005948,0.03038,0.005948
268C.3 - BA2,382,V,M,0.004716,0.03038,0.005948
268C.3 - BA2,382,V,T,0.004741,0.03038,0.005948
268C.3 - BA2,383,S,A,0.004474,0.1119,0.02267
268C.3 - BA2,383,S,C,0.005288,0.1119,0.02267
268C.3 - BA2,383,S,D,0.004352,0.1119,0.02267
268C.3 - BA2,383,S,E,0.02267,0.1119,0.02267
268C.3 - BA2,383,S,G,0.005353,0.1119,0.02267
268C.3 - BA2,383,S,H,0.005619,0.1119,0.02267
268C.3 - BA2,383,S,I,0.004585,0.1119,0.02267
268C.3 - BA2,383,S,K,0.004288,0.1119,0.02267
268C.3 - BA2,383,S,L,0.005383,0.1119,0.02267
268C.3 - BA2,383,S,M,0.00451,0.1119,0.02267
268C.3 - BA2,383,S,N,0.003982,0.1119,0.02267
268C.3 - BA2,383,S,P,0.006926,0.1119,0.02267
268C.3 - BA2,383,S,Q,0.004488,0.1119,0.02267
268C.3 - BA2,383,S,R,0.004986,0.1119,0.02267
268C.3 - BA2,383,S,T,0.004309,0.1119,0.02267
268C.3 - BA2,383,S,V,0.003806,0.1119,0.02267
268C.3 - BA2,383,S,Y,0.01693,0.1119,0.02267
268C.3 - BA2,384,P,A,0.007302,0.1155,0.01032
268C.3 - BA2,384,P,D,0.009755,0.1155,0.01032
268C.3 - BA2,384,P,E,0.005138,0.1155,0.01032
268C.3 - BA2,384,P,F,0.004878,0.1155,0.01032
268C.3 - BA2,384,P,G,0.005318,0.1155,0.01032
268C.3 - BA2,384,P,H,0.004639,0.1155,0.01032
268C.3 - BA2,384,P,I,0.005609,0.1155,0.01032
268C.3 - BA2,384,P,K,0.004252,0.1155,0.01032
268C.3 - BA2,384,P,L,0.009281,0.1155,0.01032
268C.3 - BA2,384,P,M,0.005437,0.1155,0.01032
268C.3 - BA2,384,P,N,0.004369,0.1155,0.01032
268C.3 - BA2,384,P,Q,0.01032,0.1155,0.01032
268C.3 - BA2,384,P,R,0.009878,0.1155,0.01032
268C.3 - BA2,384,P,S,0.00772,0.1155,0.01032
268C.3 - BA2,384,P,T,0.008524,0.1155,0.01032
268C.3 - BA2,384,P,V,0.004507,0.1155,0.01032
268C.3 - BA2,384,P,W,0.004369,0.1155,0.01032
268C.3 - BA2,384,P,Y,0.004171,0.1155,0.01032
268C.3 - BA2,385,T,A,0.01038,0.1044,0.01038
268C.3 - BA2,385,T,C,0.004618,0.1044,0.01038
268C.3 - BA2,385,T,D,0.003831,0.1044,0.01038
268C.3 - BA2,385,T,E,0.004002,0.1044,0.01038
268C.3 - BA2,385,T,F,0.004907,0.1044,0.01038
268C.3 - BA2,385,T,G,0.005622,0.1044,0.01038
268C.3 - BA2,385,T,H,0.005602,0.1044,0.01038
268C.3 - BA2,385,T,I,0.00769,0.1044,0.01038
268C.3 - BA2,385,T,K,0.006012,0.1044,0.01038
268C.3 - BA2,385,T,L,0.005518,0.1044,0.01038
268C.3 - BA2,385,T,M,0.00616,0.1044,0.01038
268C.3 - BA2,385,T,N,0.003594,0.1044,0.01038
268C.3 - BA2,385,T,P,0.00546,0.1044,0.01038
268C.3 - BA2,385,T,Q,0.003869,0.1044,0.01038
268C.3 - BA2,385,T,R,0.004374,0.1044,0.01038
268C.3 - BA2,385,T,S,0.004006,0.1044,0.01038
268C.3 - BA2,385,T,V,0.007639,0.1044,0.01038
268C.3 - BA2,385,T,W,0.006278,0.1044,0.01038
268C.3 - BA2,385,T,Y,0.004868,0.1044,0.01038
268C.3 - BA2,386,K,A,0.003637,0.09209,0.02011
268C.3 - BA2,386,K,C,0.00512,0.09209,0.02011
268C.3 - BA2,386,K,D,0.02011,0.09209,0.02011
268C.3 - BA2,386,K,E,0.004844,0.09209,0.02011
268C.3 - BA2,386,K,G,0.004339,0.09209,0.02011
268C.3 - BA2,386,K,H,0.006977,0.09209,0.02011
268C.3 - BA2,386,K,I,0.004016,0.09209,0.02011
268C.3 - BA2,386,K,L,0.004735,0.09209,0.02011
268C.3 - BA2,386,K,M,0.005127,0.09209,0.02011
268C.3 - BA2,386,K,N,0.006502,0.09209,0.02011
268C.3 - BA2,386,K,Q,0.005262,0.09209,0.02011
268C.3 - BA2,386,K,R,0.005118,0.09209,0.02011
268C.3 - BA2,386,K,S,0.004385,0.09209,0.02011
268C.3 - BA2,386,K,T,0.006553,0.09209,0.02011
268C.3 - BA2,386,K,V,0.005372,0.09209,0.02011
268C.3 - BA2,387,L,I,0.003788,0.01976,0.009305
268C.3 - BA2,387,L,M,0.009305,0.01976,0.009305
268C.3 - BA2,387,L,W,0.006665,0.01976,0.009305
268C.3 - BA2,388,N,A,0.006821,0.07017,0.008755
268C.3 - BA2,388,N,D,0.004527,0.07017,0.008755
268C.3 - BA2,388,N,E,0.003675,0.07017,0.008755
268C.3 - BA2,388,N,G,0.004876,0.07017,0.008755
268C.3 - BA2,388,N,H,0.004052,0.07017,0.008755
268C.3 - BA2,388,N,K,0.00611,0.07017,0.008755
268C.3 - BA2,388,N,M,0.004416,0.07017,0.008755
268C.3 - BA2,388,N,P,0.005851,0.07017,0.008755
268C.3 - BA2,388,N,Q,0.004905,0.07017,0.008755
268C.3 - BA2,388,N,R,0.005719,0.07017,0.008755
268C.3 - BA2,388,N,S,0.005188,0.07017,0.008755
268C.3 - BA2,388,N,T,0.005275,0.07017,0.008755
268C.3 - BA2,388,N,V,0.008755,0.07017,0.008755
268C.3 - BA2,389,D,A,0.004186,0.08423,0.02154
268C.3 - BA2,389,D,E,0.01309,0.08423,0.02154
268C.3 - BA2,389,D,G,0.005759,0.08423,0.02154
268C.3 - BA2,389,D,H,0.004783,0.08423,0.02154
268C.3 - BA2,389,D,K,0.005174,0.08423,0.02154
268C.3 - BA2,389,D,M,0.003715,0.08423,0.02154
268C.3 - BA2,389,D,N,0.004038,0.08423,0.02154
268C.3 - BA2,389,D,Q,0.006293,0.08423,0.02154
268C.3 - BA2,389,D,R,0.02154,0.08423,0.02154
268C.3 - BA2,389,D,S,0.004009,0.08423,0.02154
268C.3 - BA2,389,D,T,0.005294,0.08423,0.02154
268C.3 - BA2,389,D,Y,0.006362,0.08423,0.02154
268C.3 - BA2,390,L,A,0.005324,0.09014,0.01354
268C.3 - BA2,390,L,C,0.005282,0.09014,0.01354
268C.3 - BA2,390,L,E,0.00416,0.09014,0.01354
268C.3 - BA2,390,L,F,0.006568,0.09014,0.01354
268C.3 - BA2,390,L,G,0.003982,0.09014,0.01354
268C.3 - BA2,390,L,H,0.004872,0.09014,0.01354
268C.3 - BA2,390,L,I,0.005154,0.09014,0.01354
268C.3 - BA2,390,L,K,0.004493,0.09014,0.01354
268C.3 - BA2,390,L,M,0.01354,0.09014,0.01354
268C.3 - BA2,390,L,N,0.004571,0.09014,0.01354
268C.3 - BA2,390,L,Q,0.004443,0.09014,0.01354
268C.3 - BA2,390,L,R,0.008597,0.09014,0.01354
268C.3 - BA2,390,L,S,0.005605,0.09014,0.01354
268C.3 - BA2,390,L,T,0.004139,0.09014,0.01354
268C.3 - BA2,390,L,V,0.004375,0.09014,0.01354
268C.3 - BA2,390,L,Y,0.005036,0.09014,0.01354
268C.3 - BA2,393,T,A,0.007362,0.0875,0.0091
268C.3 - BA2,393,T,C,0.004547,0.0875,0.0091
268C.3 - BA2,393,T,D,0.004736,0.0875,0.0091
268C.3 - BA2,393,T,E,0.0091,0.0875,0.0091
268C.3 - BA2,393,T,G,0.004044,0.0875,0.0091
268C.3 - BA2,393,T,H,0.0071,0.0875,0.0091
268C.3 - BA2,393,T,I,0.00503,0.0875,0.0091
268C.3 - BA2,393,T,K,0.005518,0.0875,0.0091
268C.3 - BA2,393,T,L,0.005316,0.0875,0.0091
268C.3 - BA2,393,T,M,0.005598,0.0875,0.0091
268C.3 - BA2,393,T,N,0.006049,0.0875,0.0091
268C.3 - BA2,393,T,Q,0.004617,0.0875,0.0091
268C.3 - BA2,393,T,R,0.004585,0.0875,0.0091
268C.3 - BA2,393,T,S,0.006032,0.0875,0.0091
268C.3 - BA2,393,T,V,0.003525,0.0875,0.0091
268C.3 - BA2,393,T,Y,0.00434,0.0875,0.0091
268C.3 - BA2,394,N,A,0.004233,0.1191,0.01687
268C.3 - BA2,394,N,C,0.005403,0.1191,0.01687
268C.3 - BA2,394,N,D,0.004211,0.1191,0.01687
268C.3 - BA2,394,N,E,0.004439,0.1191,0.01687
268C.3 - BA2,394,N,F,0.00494,0.1191,0.01687
268C.3 - BA2,394,N,G,0.003823,0.1191,0.01687
268C.3 - BA2,394,N,H,0.007889,0.1191,0.01687
268C.3 - BA2,394,N,I,0.004798,0.1191,0.01687
268C.3 - BA2,394,N,K,0.005154,0.1191,0.01687
268C.3 - BA2,394,N,L,0.01687,0.1191,0.01687
268C.3 - BA2,394,N,M,0.004435,0.1191,0.01687
268C.3 - BA2,394,N,P,0.003687,0.1191,0.01687
268C.3 - BA2,394,N,Q,0.00638,0.1191,0.01687
268C.3 - BA2,394,N,R,0.00539,0.1191,0.01687
268C.3 - BA2,394,N,S,0.01301,0.1191,0.01687
268C.3 - BA2,394,N,T,0.00595,0.1191,0.01687
268C.3 - BA2,394,N,V,0.004596,0.1191,0.01687
268C.3 - BA2,394,N,W,0.007329,0.1191,0.01687
268C.3 - BA2,394,N,Y,0.006594,0.1191,0.01687
268C.3 - BA2,395,V,A,0.004336,0.04747,0.008634
268C.3 - BA2,395,V,C,0.005998,0.04747,0.008634
268C.3 - BA2,395,V,F,0.007539,0.04747,0.008634
268C.3 - BA2,395,V,G,0.004362,0.04747,0.008634
268C.3 - BA2,395,V,I,0.008402,0.04747,0.008634
268C.3 - BA2,395,V,L,0.008634,0.04747,0.008634
268C.3 - BA2,395,V,M,0.008194,0.04747,0.008634
268C.3 - BA2,396,Y,F,0.00485,0.05294,0.008494
268C.3 - BA2,396,Y,H,0.004535,0.05294,0.008494
268C.3 - BA2,396,Y,I,0.005302,0.05294,0.008494
268C.3 - BA2,396,Y,L,0.006151,0.05294,0.008494
268C.3 - BA2,396,Y,M,0.004945,0.05294,0.008494
268C.3 - BA2,396,Y,N,0.004783,0.05294,0.008494
268C.3 - BA2,396,Y,S,0.008494,0.05294,0.008494
268C.3 - BA2,396,Y,T,0.004593,0.05294,0.008494
268C.3 - BA2,396,Y,V,0.004698,0.05294,0.008494
268C.3 - BA2,396,Y,W,0.004591,0.05294,0.008494
268C.3 - BA2,397,A,C,0.004787,0.02984,0.01057
268C.3 - BA2,397,A,I,0.003503,0.02984,0.01057
268C.3 - BA2,397,A,L,0.01057,0.02984,0.01057
268C.3 - BA2,397,A,M,0.006713,0.02984,0.01057
268C.3 - BA2,397,A,V,0.004266,0.02984,0.01057
268C.3 - BA2,399,S,T,0.01268,0.01268,0.01268
268C.3 - BA2,401,V,I,0.007831,0.01733,0.009496
268C.3 - BA2,401,V,T,0.009496,0.01733,0.009496
268C.3 - BA2,402,I,C,0.01116,0.02191,0.01116
268C.3 - BA2,402,I,L,0.004725,0.02191,0.01116
268C.3 - BA2,402,I,V,0.006024,0.02191,0.01116
268C.3 - BA2,403,R,A,0.004169,0.07318,0.01369
268C.3 - BA2,403,R,C,0.01369,0.07318,0.01369
268C.3 - BA2,403,R,D,0.00427,0.07318,0.01369
268C.3 - BA2,403,R,E,0.004864,0.07318,0.01369
268C.3 - BA2,403,R,G,0.0105,0.07318,0.01369
268C.3 - BA2,403,R,K,0.004005,0.07318,0.01369
268C.3 - BA2,403,R,M,0.00433,0.07318,0.01369
268C.3 - BA2,403,R,N,0.006864,0.07318,0.01369
268C.3 - BA2,403,R,P,0.005739,0.07318,0.01369
268C.3 - BA2,403,R,Q,0.005311,0.07318,0.01369
268C.3 - BA2,403,R,S,0.004193,0.07318,0.01369
268C.3 - BA2,403,R,T,0.005243,0.07318,0.01369
268C.3 - BA2,404,G,A,0.006943,0.0408,0.01469
268C.3 - BA2,404,G,E,0.00588,0.0408,0.01469
268C.3 - BA2,404,G,K,0.004075,0.0408,0.01469
268C.3 - BA2,404,G,Q,0.009206,0.0408,0.01469
268C.3 - BA2,404,G,R,0.01469,0.0408,0.01469
268C.3 - BA2,405,N,A,0.004232,0.1087,0.01278
268C.3 - BA2,405,N,C,0.004231,0.1087,0.01278
268C.3 - BA2,405,N,D,0.003656,0.1087,0.01278
268C.3 - BA2,405,N,E,0.01278,0.1087,0.01278
268C.3 - BA2,405,N,F,0.004959,0.1087,0.01278
268C.3 - BA2,405,N,G,0.004817,0.1087,0.01278
268C.3 - BA2,405,N,H,0.009068,0.1087,0.01278
268C.3 - BA2,405,N,I,0.005108,0.1087,0.01278
268C.3 - BA2,405,N,K,0.009876,0.1087,0.01278
268C.3 - BA2,405,N,L,0.005388,0.1087,0.01278
268C.3 - BA2,405,N,M,0.008045,0.1087,0.01278
268C.3 - BA2,405,N,Q,0.007689,0.1087,0.01278
268C.3 - BA2,405,N,R,0.01025,0.1087,0.01278
268C.3 - BA2,405,N,S,0.004967,0.1087,0.01278
268C.3 - BA2,405,N,T,0.00484,0.1087,0.01278
268C.3 - BA2,405,N,V,0.004334,0.1087,0.01278
268C.3 - BA2,405,N,Y,0.004454,0.1087,0.01278
268C.3 - BA2,406,E,D,0.005278,0.01711,0.007706
268C.3 - BA2,406,E,H,0.004124,0.01711,0.007706
268C.3 - BA2,406,E,Q,0.007706,0.01711,0.007706
268C.3 - BA2,407,V,I,0.00513,0.01315,0.00513
268C.3 - BA2,407,V,L,0.004018,0.01315,0.00513
268C.3 - BA2,407,V,M,0.004006,0.01315,0.00513
268C.3 - BA2,408,S,A,0.004814,0.08559,0.008895
268C.3 - BA2,408,S,C,0.004592,0.08559,0.008895
268C.3 - BA2,408,S,D,0.005948,0.08559,0.008895
268C.3 - BA2,408,S,E,0.008895,0.08559,0.008895
268C.3 - BA2,408,S,G,0.005247,0.08559,0.008895
268C.3 - BA2,408,S,H,0.00882,0.08559,0.008895
268C.3 - BA2,408,S,K,0.003347,0.08559,0.008895
268C.3 - BA2,408,S,M,0.005052,0.08559,0.008895
268C.3 - BA2,408,S,N,0.004079,0.08559,0.008895
268C.3 - BA2,408,S,P,0.006808,0.08559,0.008895
268C.3 - BA2,408,S,Q,0.004807,0.08559,0.008895
268C.3 - BA2,408,S,R,0.005894,0.08559,0.008895
268C.3 - BA2,408,S,T,0.004912,0.08559,0.008895
268C.3 - BA2,408,S,V,0.006007,0.08559,0.008895
268C.3 - BA2,408,S,Y,0.006369,0.08559,0.008895
268C.3 - BA2,409,Q,E,0.004957,0.004957,0.004957
268C.3 - BA2,410,I,V,0.004319,0.004319,0.004319
268C.3 - BA2,411,A,G,0.02389,0.03335,0.02389
268C.3 - BA2,411,A,Q,0.003878,0.03335,0.02389
268C.3 - BA2,411,A,R,0.005582,0.03335,0.02389
268C.3 - BA2,413,G,A,0.01824,0.06921,0.01824
268C.3 - BA2,413,G,C,0.004607,0.06921,0.01824
268C.3 - BA2,413,G,F,0.004599,0.06921,0.01824
268C.3 - BA2,413,G,H,0.004728,0.06921,0.01824
268C.3 - BA2,413,G,K,0.005344,0.06921,0.01824
268C.3 - BA2,413,G,L,0.00424,0.06921,0.01824
268C.3 - BA2,413,G,M,0.003983,0.06921,0.01824
268C.3 - BA2,413,G,N,0.004084,0.06921,0.01824
268C.3 - BA2,413,G,Q,0.005331,0.06921,0.01824
268C.3 - BA2,413,G,R,0.004928,0.06921,0.01824
268C.3 - BA2,413,G,S,0.004332,0.06921,0.01824
268C.3 - BA2,413,G,Y,0.004798,0.06921,0.01824
268C.3 - BA2,414,Q,A,0.01121,0.06618,0.01725
268C.3 - BA2,414,Q,E,0.005251,0.06618,0.01725
268C.3 - BA2,414,Q,G,0.004814,0.06618,0.01725
268C.3 - BA2,414,Q,K,0.004898,0.06618,0.01725
268C.3 - BA2,414,Q,M,0.01725,0.06618,0.01725
268C.3 - BA2,414,Q,R,0.004908,0.06618,0.01725
268C.3 - BA2,414,Q,S,0.007959,0.06618,0.01725
268C.3 - BA2,414,Q,T,0.005584,0.06618,0.01725
268C.3 - BA2,414,Q,V,0.004312,0.06618,0.01725
268C.3 - BA2,415,T,A,0.01152,0.07767,0.01152
268C.3 - BA2,415,T,C,0.00378,0.07767,0.01152
268C.3 - BA2,415,T,D,0.00465,0.07767,0.01152
268C.3 - BA2,415,T,E,0.004984,0.07767,0.01152
268C.3 - BA2,415,T,G,0.009413,0.07767,0.01152
268C.3 - BA2,415,T,H,0.004051,0.07767,0.01152
268C.3 - BA2,415,T,I,0.004797,0.07767,0.01152
268C.3 - BA2,415,T,K,0.003968,0.07767,0.01152
268C.3 - BA2,415,T,M,0.004336,0.07767,0.01152
268C.3 - BA2,415,T,N,0.006419,0.07767,0.01152
268C.3 - BA2,415,T,Q,0.004755,0.07767,0.01152
268C.3 - BA2,415,T,R,0.004547,0.07767,0.01152
268C.3 - BA2,415,T,S,0.005546,0.07767,0.01152
268C.3 - BA2,415,T,V,0.004903,0.07767,0.01152
268C.3 - BA2,417,N,A,0.003966,0.116,0.0159
268C.3 - BA2,417,N,C,0.005003,0.116,0.0159
268C.3 - BA2,417,N,D,0.004401,0.116,0.0159
268C.3 - BA2,417,N,E,0.006497,0.116,0.0159
268C.3 - BA2,417,N,F,0.005994,0.116,0.0159
268C.3 - BA2,417,N,G,0.005755,0.116,0.0159
268C.3 - BA2,417,N,H,0.004433,0.116,0.0159
268C.3 - BA2,417,N,I,0.005795,0.116,0.0159
268C.3 - BA2,417,N,K,0.004246,0.116,0.0159
268C.3 - BA2,417,N,L,0.004611,0.116,0.0159
268C.3 - BA2,417,N,M,0.004765,0.116,0.0159
268C.3 - BA2,417,N,P,0.004727,0.116,0.0159
268C.3 - BA2,417,N,Q,0.01057,0.116,0.0159
268C.3 - BA2,417,N,R,0.0159,0.116,0.0159
268C.3 - BA2,417,N,S,0.004537,0.116,0.0159
268C.3 - BA2,417,N,T,0.01019,0.116,0.0159
268C.3 - BA2,417,N,V,0.004635,0.116,0.0159
268C.3 - BA2,417,N,W,0.005164,0.116,0.0159
268C.3 - BA2,417,N,Y,0.00485,0.116,0.0159
268C.3 - BA2,418,I,V,0.01531,0.01531,0.01531
268C.3 - BA2,419,A,P,0.008727,0.008727,0.008727
268C.3 - BA2,420,D,A,0.005196,0.05968,0.01016
268C.3 - BA2,420,D,E,0.004183,0.05968,0.01016
268C.3 - BA2,420,D,K,0.004898,0.05968,0.01016
268C.3 - BA2,420,D,L,0.004505,0.05968,0.01016
268C.3 - BA2,420,D,M,0.00382,0.05968,0.01016
268C.3 - BA2,420,D,N,0.005453,0.05968,0.01016
268C.3 - BA2,420,D,Q,0.007038,0.05968,0.01016
268C.3 - BA2,420,D,R,0.01016,0.05968,0.01016
268C.3 - BA2,420,D,S,0.005013,0.05968,0.01016
268C.3 - BA2,420,D,T,0.009417,0.05968,0.01016
268C.3 - BA2,421,Y,F,0.00566,0.03356,0.008557
268C.3 - BA2,421,Y,H,0.004714,0.03356,0.008557
268C.3 - BA2,421,Y,L,0.008557,0.03356,0.008557
268C.3 - BA2,421,Y,M,0.005337,0.03356,0.008557
268C.3 - BA2,421,Y,N,0.004677,0.03356,0.008557
268C.3 - BA2,421,Y,W,0.004616,0.03356,0.008557
268C.3 - BA2,424,K,H,0.01925,0.02821,0.01925
268C.3 - BA2,424,K,R,0.008959,0.02821,0.01925
268C.3 - BA2,425,L,I,0.004751,0.01431,0.00515
268C.3 - BA2,425,L,M,0.004411,0.01431,0.00515
268C.3 - BA2,425,L,V,0.00515,0.01431,0.00515
268C.3 - BA2,427,D,A,0.003776,0.09724,0.009468
268C.3 - BA2,427,D,E,0.004761,0.09724,0.009468
268C.3 - BA2,427,D,F,0.005076,0.09724,0.009468
268C.3 - BA2,427,D,G,0.004611,0.09724,0.009468
268C.3 - BA2,427,D,H,0.00571,0.09724,0.009468
268C.3 - BA2,427,D,I,0.006812,0.09724,0.009468
268C.3 - BA2,427,D,K,0.004942,0.09724,0.009468
268C.3 - BA2,427,D,L,0.004336,0.09724,0.009468
268C.3 - BA2,427,D,M,0.005591,0.09724,0.009468
268C.3 - BA2,427,D,N,0.006775,0.09724,0.009468
268C.3 - BA2,427,D,P,0.004217,0.09724,0.009468
268C.3 - BA2,427,D,Q,0.004368,0.09724,0.009468
268C.3 - BA2,427,D,R,0.006267,0.09724,0.009468
268C.3 - BA2,427,D,S,0.004982,0.09724,0.009468
268C.3 - BA2,427,D,T,0.004444,0.09724,0.009468
268C.3 - BA2,427,D,V,0.005108,0.09724,0.009468
268C.3 - BA2,427,D,W,0.009468,0.09724,0.009468
268C.3 - BA2,427,D,Y,0.005997,0.09724,0.009468
268C.3 - BA2,428,D,A,0.007159,0.07346,0.01171
268C.3 - BA2,428,D,E,0.00646,0.07346,0.01171
268C.3 - BA2,428,D,G,0.01171,0.07346,0.01171
268C.3 - BA2,428,D,H,0.003851,0.07346,0.01171
268C.3 - BA2,428,D,K,0.009771,0.07346,0.01171
268C.3 - BA2,428,D,N,0.004471,0.07346,0.01171
268C.3 - BA2,428,D,P,0.005159,0.07346,0.01171
268C.3 - BA2,428,D,Q,0.009536,0.07346,0.01171
268C.3 - BA2,428,D,R,0.005181,0.07346,0.01171
268C.3 - BA2,428,D,S,0.005144,0.07346,0.01171
268C.3 - BA2,428,D,T,0.005016,0.07346,0.01171
268C.3 - BA2,429,F,W,0.008392,0.008392,0.008392
268C.3 - BA2,430,T,C,0.01107,0.07766,0.01107
268C.3 - BA2,430,T,F,0.004111,0.07766,0.01107
268C.3 - BA2,430,T,H,0.006584,0.07766,0.01107
268C.3 - BA2,430,T,I,0.009829,0.07766,0.01107
268C.3 - BA2,430,T,K,0.005013,0.07766,0.01107
268C.3 - BA2,430,T,L,0.004617,0.07766,0.01107
268C.3 - BA2,430,T,M,0.003619,0.07766,0.01107
268C.3 - BA2,430,T,N,0.005795,0.07766,0.01107
268C.3 - BA2,430,T,Q,0.004037,0.07766,0.01107
268C.3 - BA2,430,T,R,0.007432,0.07766,0.01107
268C.3 - BA2,430,T,S,0.004211,0.07766,0.01107
268C.3 - BA2,430,T,V,0.007231,0.07766,0.01107
268C.3 - BA2,430,T,Y,0.004112,0.07766,0.01107
268C.3 - BA2,433,V,I,0.004416,0.004416,0.004416
268C.3 - BA2,434,I,F,0.003784,0.05122,0.02308
268C.3 - BA2,434,I,L,0.00524,0.05122,0.02308
268C.3 - BA2,434,I,M,0.02308,0.05122,0.02308
268C.3 - BA2,434,I,V,0.004638,0.05122,0.02308
268C.3 - BA2,434,I,W,0.009134,0.05122,0.02308
268C.3 - BA2,434,I,Y,0.005339,0.05122,0.02308
268C.3 - BA2,435,A,I,0.00469,0.03879,0.01034
268C.3 - BA2,435,A,S,0.01034,0.03879,0.01034
268C.3 - BA2,435,A,T,0.009962,0.03879,0.01034
268C.3 - BA2,435,A,V,0.004086,0.03879,0.01034
268C.3 - BA2,435,A,W,0.004448,0.03879,0.01034
268C.3 - BA2,435,A,Y,0.005264,0.03879,0.01034
268C.3 - BA2,436,W,F,0.004919,0.02322,0.009074
268C.3 - BA2,436,W,I,0.004427,0.02322,0.009074
268C.3 - BA2,436,W,M,0.004803,0.02322,0.009074
268C.3 - BA2,436,W,Y,0.009074,0.02322,0.009074
268C.3 - BA2,437,N,A,0.00653,0.02297,0.007603
268C.3 - BA2,437,N,E,0.004561,0.02297,0.007603
268C.3 - BA2,437,N,P,0.004273,0.02297,0.007603
268C.3 - BA2,437,N,S,0.007603,0.02297,0.007603
268C.3 - BA2,438,S,A,0.009976,0.01455,0.009976
268C.3 - BA2,438,S,T,0.004575,0.01455,0.009976
268C.3 - BA2,439,N,A,0.005601,0.09202,0.01207
268C.3 - BA2,439,N,C,0.00816,0.09202,0.01207
268C.3 - BA2,439,N,D,0.006529,0.09202,0.01207
268C.3 - BA2,439,N,G,0.005152,0.09202,0.01207
268C.3 - BA2,439,N,H,0.004165,0.09202,0.01207
268C.3 - BA2,439,N,K,0.003802,0.09202,0.01207
268C.3 - BA2,439,N,L,0.005268,0.09202,0.01207
268C.3 - BA2,439,N,M,0.006802,0.09202,0.01207
268C.3 - BA2,439,N,Q,0.005176,0.09202,0.01207
268C.3 - BA2,439,N,R,0.01207,0.09202,0.01207
268C.3 - BA2,439,N,S,0.00504,0.09202,0.01207
268C.3 - BA2,439,N,T,0.005817,0.09202,0.01207
268C.3 - BA2,439,N,V,0.004608,0.09202,0.01207
268C.3 - BA2,439,N,W,0.004983,0.09202,0.01207
268C.3 - BA2,439,N,Y,0.008855,0.09202,0.01207
268C.3 - BA2,440,K,A,0.01352,0.1158,0.01357
268C.3 - BA2,440,K,C,0.007392,0.1158,0.01357
268C.3 - BA2,440,K,D,0.004738,0.1158,0.01357
268C.3 - BA2,440,K,E,0.005799,0.1158,0.01357
268C.3 - BA2,440,K,F,0.01357,0.1158,0.01357
268C.3 - BA2,440,K,G,0.004974,0.1158,0.01357
268C.3 - BA2,440,K,H,0.006074,0.1158,0.01357
268C.3 - BA2,440,K,I,0.004216,0.1158,0.01357
268C.3 - BA2,440,K,L,0.005027,0.1158,0.01357
268C.3 - BA2,440,K,M,0.004781,0.1158,0.01357
268C.3 - BA2,440,K,N,0.004217,0.1158,0.01357
268C.3 - BA2,440,K,P,0.006217,0.1158,0.01357
268C.3 - BA2,440,K,Q,0.005483,0.1158,0.01357
268C.3 - BA2,440,K,R,0.004925,0.1158,0.01357
268C.3 - BA2,440,K,S,0.004583,0.1158,0.01357
268C.3 - BA2,440,K,T,0.004142,0.1158,0.01357
268C.3 - BA2,440,K,V,0.01216,0.1158,0.01357
268C.3 - BA2,440,K,Y,0.003985,0.1158,0.01357
268C.3 - BA2,441,L,A,0.006671,0.112,0.02045
268C.3 - BA2,441,L,C,0.004321,0.112,0.02045
268C.3 - BA2,441,L,D,0.005219,0.112,0.02045
268C.3 - BA2,441,L,E,0.005084,0.112,0.02045
268C.3 - BA2,441,L,F,0.0053,0.112,0.02045
268C.3 - BA2,441,L,G,0.006441,0.112,0.02045
268C.3 - BA2,441,L,H,0.003712,0.112,0.02045
268C.3 - BA2,441,L,I,0.004302,0.112,0.02045
268C.3 - BA2,441,L,K,0.005217,0.112,0.02045
268C.3 - BA2,441,L,M,0.004546,0.112,0.02045
268C.3 - BA2,441,L,N,0.005081,0.112,0.02045
268C.3 - BA2,441,L,Q,0.004773,0.112,0.02045
268C.3 - BA2,441,L,R,0.02045,0.112,0.02045
268C.3 - BA2,441,L,S,0.005201,0.112,0.02045
268C.3 - BA2,441,L,T,0.006239,0.112,0.02045
268C.3 - BA2,441,L,V,0.006482,0.112,0.02045
268C.3 - BA2,441,L,W,0.008203,0.112,0.02045
268C.3 - BA2,441,L,Y,0.004733,0.112,0.02045
268C.3 - BA2,443,S,A,0.005375,0.01919,0.005375
268C.3 - BA2,443,S,C,0.005069,0.01919,0.005375
268C.3 - BA2,443,S,G,0.004537,0.01919,0.005375
268C.3 - BA2,443,S,T,0.004205,0.01919,0.005375
268C.3 - BA2,444,K,A,0.00756,0.1099,0.008386
268C.3 - BA2,444,K,C,0.004556,0.1099,0.008386
268C.3 - BA2,444,K,D,0.004308,0.1099,0.008386
268C.3 - BA2,444,K,E,0.005831,0.1099,0.008386
268C.3 - BA2,444,K,F,0.00426,0.1099,0.008386
268C.3 - BA2,444,K,G,0.007445,0.1099,0.008386
268C.3 - BA2,444,K,H,0.004911,0.1099,0.008386
268C.3 - BA2,444,K,I,0.004616,0.1099,0.008386
268C.3 - BA2,444,K,L,0.008386,0.1099,0.008386
268C.3 - BA2,444,K,M,0.005017,0.1099,0.008386
268C.3 - BA2,444,K,N,0.005656,0.1099,0.008386
268C.3 - BA2,444,K,P,0.008063,0.1099,0.008386
268C.3 - BA2,444,K,Q,0.004413,0.1099,0.008386
268C.3 - BA2,444,K,R,0.005421,0.1099,0.008386
268C.3 - BA2,444,K,S,0.00507,0.1099,0.008386
268C.3 - BA2,444,K,T,0.006797,0.1099,0.008386
268C.3 - BA2,444,K,V,0.007091,0.1099,0.008386
268C.3 - BA2,444,K,W,0.004647,0.1099,0.008386
268C.3 - BA2,444,K,Y,0.005894,0.1099,0.008386
268C.3 - BA2,445,V,A,0.004788,0.1097,0.01035
268C.3 - BA2,445,V,C,0.004375,0.1097,0.01035
268C.3 - BA2,445,V,D,0.005127,0.1097,0.01035
268C.3 - BA2,445,V,E,0.006019,0.1097,0.01035
268C.3 - BA2,445,V,F,0.004942,0.1097,0.01035
268C.3 - BA2,445,V,G,0.006357,0.1097,0.01035
268C.3 - BA2,445,V,H,0.005417,0.1097,0.01035
268C.3 - BA2,445,V,I,0.003945,0.1097,0.01035
268C.3 - BA2,445,V,K,0.008979,0.1097,0.01035
268C.3 - BA2,445,V,L,0.004157,0.1097,0.01035
268C.3 - BA2,445,V,M,0.005377,0.1097,0.01035
268C.3 - BA2,445,V,N,0.006357,0.1097,0.01035
268C.3 - BA2,445,V,P,0.005006,0.1097,0.01035
268C.3 - BA2,445,V,Q,0.004988,0.1097,0.01035
268C.3 - BA2,445,V,R,0.004169,0.1097,0.01035
268C.3 - BA2,445,V,S,0.00595,0.1097,0.01035
268C.3 - BA2,445,V,T,0.01035,0.1097,0.01035
268C.3 - BA2,445,V,W,0.004406,0.1097,0.01035
268C.3 - BA2,445,V,Y,0.008973,0.1097,0.01035
268C.3 - BA2,446,G,A,0.01451,0.09997,0.01451
268C.3 - BA2,446,G,D,0.004179,0.09997,0.01451
268C.3 - BA2,446,G,E,0.004214,0.09997,0.01451
268C.3 - BA2,446,G,F,0.004887,0.09997,0.01451
268C.3 - BA2,446,G,H,0.004519,0.09997,0.01451
268C.3 - BA2,446,G,I,0.006603,0.09997,0.01451
268C.3 - BA2,446,G,K,0.005452,0.09997,0.01451
268C.3 - BA2,446,G,L,0.004752,0.09997,0.01451
268C.3 - BA2,446,G,M,0.004156,0.09997,0.01451
268C.3 - BA2,446,G,N,0.004124,0.09997,0.01451
268C.3 - BA2,446,G,P,0.005938,0.09997,0.01451
268C.3 - BA2,446,G,Q,0.005871,0.09997,0.01451
268C.3 - BA2,446,G,R,0.004054,0.09997,0.01451
268C.3 - BA2,446,G,S,0.00441,0.09997,0.01451
268C.3 - BA2,446,G,T,0.005553,0.09997,0.01451
268C.3 - BA2,446,G,V,0.004502,0.09997,0.01451
268C.3 - BA2,446,G,W,0.005066,0.09997,0.01451
268C.3 - BA2,446,G,Y,0.007187,0.09997,0.01451
268C.3 - BA2,447,G,A,0.006293,0.1113,0.0207
268C.3 - BA2,447,G,H,0.008464,0.1113,0.0207
268C.3 - BA2,447,G,K,0.0207,0.1113,0.0207
268C.3 - BA2,447,G,L,0.01015,0.1113,0.0207
268C.3 - BA2,447,G,M,0.004392,0.1113,0.0207
268C.3 - BA2,447,G,N,0.00537,0.1113,0.0207
268C.3 - BA2,447,G,P,0.01631,0.1113,0.0207
268C.3 - BA2,447,G,Q,0.004712,0.1113,0.0207
268C.3 - BA2,447,G,R,0.01004,0.1113,0.0207
268C.3 - BA2,447,G,S,0.007017,0.1113,0.0207
268C.3 - BA2,447,G,T,0.004217,0.1113,0.0207
268C.3 - BA2,447,G,V,0.0049,0.1113,0.0207
268C.3 - BA2,447,G,Y,0.008779,0.1113,0.0207
268C.3 - BA2,448,N,A,0.006697,0.0709,0.01015
268C.3 - BA2,448,N,D,0.003709,0.0709,0.01015
268C.3 - BA2,448,N,E,0.004337,0.0709,0.01015
268C.3 - BA2,448,N,G,0.007568,0.0709,0.01015
268C.3 - BA2,448,N,H,0.004895,0.0709,0.01015
268C.3 - BA2,448,N,K,0.01015,0.0709,0.01015
268C.3 - BA2,448,N,P,0.006579,0.0709,0.01015
268C.3 - BA2,448,N,Q,0.006651,0.0709,0.01015
268C.3 - BA2,448,N,R,0.004255,0.0709,0.01015
268C.3 - BA2,448,N,S,0.009857,0.0709,0.01015
268C.3 - BA2,448,N,T,0.006199,0.0709,0.01015
268C.3 - BA2,449,Y,A,0.004117,0.1099,0.01486
268C.3 - BA2,449,Y,C,0.0105,0.1099,0.01486
268C.3 - BA2,449,Y,D,0.003671,0.1099,0.01486
268C.3 - BA2,449,Y,E,0.004138,0.1099,0.01486
268C.3 - BA2,449,Y,F,0.004581,0.1099,0.01486
268C.3 - BA2,449,Y,G,0.01144,0.1099,0.01486
268C.3 - BA2,449,Y,H,0.006768,0.1099,0.01486
268C.3 - BA2,449,Y,I,0.004588,0.1099,0.01486
268C.3 - BA2,449,Y,K,0.004781,0.1099,0.01486
268C.3 - BA2,449,Y,L,0.004578,0.1099,0.01486
268C.3 - BA2,449,Y,M,0.005494,0.1099,0.01486
268C.3 - BA2,449,Y,N,0.003942,0.1099,0.01486
268C.3 - BA2,449,Y,P,0.003331,0.1099,0.01486
268C.3 - BA2,449,Y,Q,0.01486,0.1099,0.01486
268C.3 - BA2,449,Y,R,0.004788,0.1099,0.01486
268C.3 - BA2,449,Y,S,0.004772,0.1099,0.01486
268C.3 - BA2,449,Y,T,0.003842,0.1099,0.01486
268C.3 - BA2,449,Y,V,0.004298,0.1099,0.01486
268C.3 - BA2,449,Y,W,0.005384,0.1099,0.01486
268C.3 - BA2,450,N,A,0.003093,0.1236,0.01619
268C.3 - BA2,450,N,C,0.006128,0.1236,0.01619
268C.3 - BA2,450,N,D,0.00415,0.1236,0.01619
268C.3 - BA2,450,N,E,0.01619,0.1236,0.01619
268C.3 - BA2,450,N,F,0.008903,0.1236,0.01619
268C.3 - BA2,450,N,G,0.004669,0.1236,0.01619
268C.3 - BA2,450,N,H,0.004493,0.1236,0.01619
268C.3 - BA2,450,N,I,0.01032,0.1236,0.01619
268C.3 - BA2,450,N,K,0.004603,0.1236,0.01619
268C.3 - BA2,450,N,L,0.01111,0.1236,0.01619
268C.3 - BA2,450,N,M,0.003702,0.1236,0.01619
268C.3 - BA2,450,N,P,0.007953,0.1236,0.01619
268C.3 - BA2,450,N,Q,0.009162,0.1236,0.01619
268C.3 - BA2,450,N,R,0.008669,0.1236,0.01619
268C.3 - BA2,450,N,S,0.003918,0.1236,0.01619
268C.3 - BA2,450,N,T,0.00384,0.1236,0.01619
268C.3 - BA2,450,N,V,0.004031,0.1236,0.01619
268C.3 - BA2,450,N,W,0.004518,0.1236,0.01619
268C.3 - BA2,450,N,Y,0.004196,0.1236,0.01619
268C.3 - BA2,451,Y,A,0.007645,0.05604,0.01108
268C.3 - BA2,451,Y,C,0.004777,0.05604,0.01108
268C.3 - BA2,451,Y,F,0.004315,0.05604,0.01108
268C.3 - BA2,451,Y,H,0.006776,0.05604,0.01108
268C.3 - BA2,451,Y,I,0.003384,0.05604,0.01108
268C.3 - BA2,451,Y,L,0.00646,0.05604,0.01108
268C.3 - BA2,451,Y,M,0.003897,0.05604,0.01108
268C.3 - BA2,451,Y,N,0.007707,0.05604,0.01108
268C.3 - BA2,451,Y,Q,0.01108,0.05604,0.01108
268C.3 - BA2,452,L,A,0.006951,0.113,0.01796
268C.3 - BA2,452,L,C,0.009261,0.113,0.01796
268C.3 - BA2,452,L,D,0.006726,0.113,0.01796
268C.3 - BA2,452,L,E,0.005405,0.113,0.01796
268C.3 - BA2,452,L,F,0.01796,0.113,0.01796
268C.3 - BA2,452,L,G,0.004299,0.113,0.01796
268C.3 - BA2,452,L,H,0.005085,0.113,0.01796
268C.3 - BA2,452,L,I,0.004819,0.113,0.01796
268C.3 - BA2,452,L,K,0.005726,0.113,0.01796
268C.3 - BA2,452,L,M,0.005012,0.113,0.01796
268C.3 - BA2,452,L,N,0.003588,0.113,0.01796
268C.3 - BA2,452,L,Q,0.004877,0.113,0.01796
268C.3 - BA2,452,L,R,0.005945,0.113,0.01796
268C.3 - BA2,452,L,S,0.004508,0.113,0.01796
268C.3 - BA2,452,L,T,0.004242,0.113,0.01796
268C.3 - BA2,452,L,V,0.00712,0.113,0.01796
268C.3 - BA2,452,L,W,0.004522,0.113,0.01796
268C.3 - BA2,452,L,Y,0.006906,0.113,0.01796
268C.3 - BA2,453,Y,A,0.01715,0.08535,0.02256
268C.3 - BA2,453,Y,E,0.02256,0.08535,0.02256
268C.3 - BA2,453,Y,F,0.004357,0.08535,0.02256
268C.3 - BA2,453,Y,H,0.004209,0.08535,0.02256
268C.3 - BA2,453,Y,K,0.003899,0.08535,0.02256
268C.3 - BA2,453,Y,M,0.005874,0.08535,0.02256
268C.3 - BA2,453,Y,Q,0.004576,0.08535,0.02256
268C.3 - BA2,453,Y,R,0.005567,0.08535,0.02256
268C.3 - BA2,453,Y,S,0.004568,0.08535,0.02256
268C.3 - BA2,453,Y,V,0.00776,0.08535,0.02256
268C.3 - BA2,453,Y,W,0.004829,0.08535,0.02256
268C.3 - BA2,455,L,A,0.004274,0.08679,0.006868
268C.3 - BA2,455,L,C,0.004784,0.08679,0.006868
268C.3 - BA2,455,L,F,0.005667,0.08679,0.006868
268C.3 - BA2,455,L,G,0.00394,0.08679,0.006868
268C.3 - BA2,455,L,H,0.003781,0.08679,0.006868
268C.3 - BA2,455,L,I,0.006179,0.08679,0.006868
268C.3 - BA2,455,L,K,0.00651,0.08679,0.006868
268C.3 - BA2,455,L,M,0.006868,0.08679,0.006868
268C.3 - BA2,455,L,N,0.005112,0.08679,0.006868
268C.3 - BA2,455,L,P,0.004986,0.08679,0.006868
268C.3 - BA2,455,L,Q,0.004039,0.08679,0.006868
268C.3 - BA2,455,L,R,0.005672,0.08679,0.006868
268C.3 - BA2,455,L,S,0.006129,0.08679,0.006868
268C.3 - BA2,455,L,T,0.004307,0.08679,0.006868
268C.3 - BA2,455,L,V,0.003582,0.08679,0.006868
268C.3 - BA2,455,L,W,0.004175,0.08679,0.006868
268C.3 - BA2,455,L,Y,0.006787,0.08679,0.006868
268C.3 - BA2,456,F,A,0.006077,1.98,0.772
268C.3 - BA2,456,F,C,0.004745,1.98,0.772
268C.3 - BA2,456,F,G,0.004697,1.98,0.772
268C.3 - BA2,456,F,H,0.005141,1.98,0.772
268C.3 - BA2,456,F,I,0.005812,1.98,0.772
268C.3 - BA2,456,F,K,0.6744,1.98,0.772
268C.3 - BA2,456,F,L,0.005882,1.98,0.772
268C.3 - BA2,456,F,M,0.006,1.98,0.772
268C.3 - BA2,456,F,N,0.007539,1.98,0.772
268C.3 - BA2,456,F,P,0.4552,1.98,0.772
268C.3 - BA2,456,F,Q,0.005259,1.98,0.772
268C.3 - BA2,456,F,R,0.772,1.98,0.772
268C.3 - BA2,456,F,S,0.005795,1.98,0.772
268C.3 - BA2,456,F,T,0.005896,1.98,0.772
268C.3 - BA2,456,F,V,0.004173,1.98,0.772
268C.3 - BA2,456,F,W,0.005899,1.98,0.772
268C.3 - BA2,456,F,Y,0.005087,1.98,0.772
268C.3 - BA2,457,R,A,0.01194,0.01842,0.01194
268C.3 - BA2,457,R,K,0.006477,0.01842,0.01194
268C.3 - BA2,458,K,A,0.005077,0.09634,0.007879
268C.3 - BA2,458,K,C,0.003969,0.09634,0.007879
268C.3 - BA2,458,K,D,0.004725,0.09634,0.007879
268C.3 - BA2,458,K,E,0.004352,0.09634,0.007879
268C.3 - BA2,458,K,F,0.005112,0.09634,0.007879
268C.3 - BA2,458,K,G,0.004331,0.09634,0.007879
268C.3 - BA2,458,K,H,0.004667,0.09634,0.007879
268C.3 - BA2,458,K,I,0.004851,0.09634,0.007879
268C.3 - BA2,458,K,L,0.00625,0.09634,0.007879
268C.3 - BA2,458,K,M,0.007879,0.09634,0.007879
268C.3 - BA2,458,K,N,0.004467,0.09634,0.007879
268C.3 - BA2,458,K,P,0.005773,0.09634,0.007879
268C.3 - BA2,458,K,Q,0.005788,0.09634,0.007879
268C.3 - BA2,458,K,R,0.004291,0.09634,0.007879
268C.3 - BA2,458,K,S,0.003836,0.09634,0.007879
268C.3 - BA2,458,K,T,0.005503,0.09634,0.007879
268C.3 - BA2,458,K,V,0.00495,0.09634,0.007879
268C.3 - BA2,458,K,W,0.004952,0.09634,0.007879
268C.3 - BA2,458,K,Y,0.005571,0.09634,0.007879
268C.3 - BA2,459,S,A,0.006747,0.1056,0.01046
268C.3 - BA2,459,S,C,0.006662,0.1056,0.01046
268C.3 - BA2,459,S,D,0.004065,0.1056,0.01046
268C.3 - BA2,459,S,E,0.004116,0.1056,0.01046
268C.3 - BA2,459,S,F,0.004675,0.1056,0.01046
268C.3 - BA2,459,S,G,0.01046,0.1056,0.01046
268C.3 - BA2,459,S,H,0.005519,0.1056,0.01046
268C.3 - BA2,459,S,I,0.007552,0.1056,0.01046
268C.3 - BA2,459,S,K,0.005526,0.1056,0.01046
268C.3 - BA2,459,S,M,0.005085,0.1056,0.01046
268C.3 - BA2,459,S,N,0.006088,0.1056,0.01046
268C.3 - BA2,459,S,P,0.005322,0.1056,0.01046
268C.3 - BA2,459,S,Q,0.004178,0.1056,0.01046
268C.3 - BA2,459,S,R,0.005017,0.1056,0.01046
268C.3 - BA2,459,S,T,0.005666,0.1056,0.01046
268C.3 - BA2,459,S,V,0.006797,0.1056,0.01046
268C.3 - BA2,459,S,W,0.007514,0.1056,0.01046
268C.3 - BA2,459,S,Y,0.004619,0.1056,0.01046
268C.3 - BA2,460,N,A,0.004041,0.127,0.01325
268C.3 - BA2,460,N,C,0.006815,0.127,0.01325
268C.3 - BA2,460,N,D,0.01325,0.127,0.01325
268C.3 - BA2,460,N,E,0.01025,0.127,0.01325
268C.3 - BA2,460,N,F,0.004985,0.127,0.01325
268C.3 - BA2,460,N,G,0.004007,0.127,0.01325
268C.3 - BA2,460,N,H,0.005145,0.127,0.01325
268C.3 - BA2,460,N,I,0.005511,0.127,0.01325
268C.3 - BA2,460,N,K,0.004508,0.127,0.01325
268C.3 - BA2,460,N,L,0.008733,0.127,0.01325
268C.3 - BA2,460,N,M,0.004955,0.127,0.01325
268C.3 - BA2,460,N,P,0.007486,0.127,0.01325
268C.3 - BA2,460,N,Q,0.01239,0.127,0.01325
268C.3 - BA2,460,N,R,0.005966,0.127,0.01325
268C.3 - BA2,460,N,S,0.01246,0.127,0.01325
268C.3 - BA2,460,N,T,0.004877,0.127,0.01325
268C.3 - BA2,460,N,V,0.004508,0.127,0.01325
268C.3 - BA2,460,N,Y,0.007072,0.127,0.01325
268C.3 - BA2,461,L,I,0.01307,0.02742,0.01307
268C.3 - BA2,461,L,M,0.009505,0.02742,0.01307
268C.3 - BA2,461,L,V,0.004841,0.02742,0.01307
268C.3 - BA2,462,K,A,0.005305,0.1108,0.0191
268C.3 - BA2,462,K,C,0.005078,0.1108,0.0191
268C.3 - BA2,462,K,D,0.004205,0.1108,0.0191
268C.3 - BA2,462,K,E,0.004606,0.1108,0.0191
268C.3 - BA2,462,K,F,0.005265,0.1108,0.0191
268C.3 - BA2,462,K,G,0.004955,0.1108,0.0191
268C.3 - BA2,462,K,H,0.00611,0.1108,0.0191
268C.3 - BA2,462,K,I,0.003935,0.1108,0.0191
268C.3 - BA2,462,K,L,0.006755,0.1108,0.0191
268C.3 - BA2,462,K,M,0.005565,0.1108,0.0191
268C.3 - BA2,462,K,N,0.004394,0.1108,0.0191
268C.3 - BA2,462,K,P,0.0191,0.1108,0.0191
268C.3 - BA2,462,K,Q,0.004555,0.1108,0.0191
268C.3 - BA2,462,K,R,0.004377,0.1108,0.0191
268C.3 - BA2,462,K,S,0.005608,0.1108,0.0191
268C.3 - BA2,462,K,T,0.009069,0.1108,0.0191
268C.3 - BA2,462,K,V,0.004001,0.1108,0.0191
268C.3 - BA2,462,K,Y,0.007932,0.1108,0.0191
268C.3 - BA2,463,P,A,0.004877,0.02429,0.01398
268C.3 - BA2,463,P,G,0.01398,0.02429,0.01398
268C.3 - BA2,463,P,S,0.005427,0.02429,0.01398
268C.3 - BA2,464,F,A,0.004806,0.08499,0.01154
268C.3 - BA2,464,F,C,0.00623,0.08499,0.01154
268C.3 - BA2,464,F,D,0.00375,0.08499,0.01154
268C.3 - BA2,464,F,E,0.004461,0.08499,0.01154
268C.3 - BA2,464,F,G,0.01154,0.08499,0.01154
268C.3 - BA2,464,F,H,0.004394,0.08499,0.01154
268C.3 - BA2,464,F,L,0.004564,0.08499,0.01154
268C.3 - BA2,464,F,M,0.005917,0.08499,0.01154
268C.3 - BA2,464,F,N,0.003896,0.08499,0.01154
268C.3 - BA2,464,F,Q,0.004543,0.08499,0.01154
268C.3 - BA2,464,F,R,0.00768,0.08499,0.01154
268C.3 - BA2,464,F,S,0.005156,0.08499,0.01154
268C.3 - BA2,464,F,T,0.008119,0.08499,0.01154
268C.3 - BA2,464,F,W,0.005786,0.08499,0.01154
268C.3 - BA2,464,F,Y,0.004142,0.08499,0.01154
268C.3 - BA2,465,E,A,0.005377,0.04305,0.01029
268C.3 - BA2,465,E,D,0.01029,0.04305,0.01029
268C.3 - BA2,465,E,G,0.006446,0.04305,0.01029
268C.3 - BA2,465,E,H,0.005443,0.04305,0.01029
268C.3 - BA2,465,E,Q,0.006174,0.04305,0.01029
268C.3 - BA2,465,E,S,0.004714,0.04305,0.01029
268C.3 - BA2,465,E,T,0.004601,0.04305,0.01029
268C.3 - BA2,466,R,H,0.004974,0.01915,0.008328
268C.3 - BA2,466,R,K,0.008328,0.01915,0.008328
268C.3 - BA2,466,R,Q,0.005844,0.01915,0.008328
268C.3 - BA2,468,I,A,0.005777,0.1039,0.008305
268C.3 - BA2,468,I,C,0.004528,0.1039,0.008305
268C.3 - BA2,468,I,D,0.003589,0.1039,0.008305
268C.3 - BA2,468,I,E,0.007028,0.1039,0.008305
268C.3 - BA2,468,I,F,0.004646,0.1039,0.008305
268C.3 - BA2,468,I,G,0.006544,0.1039,0.008305
268C.3 - BA2,468,I,H,0.005631,0.1039,0.008305
268C.3 - BA2,468,I,K,0.006472,0.1039,0.008305
268C.3 - BA2,468,I,L,0.008305,0.1039,0.008305
268C.3 - BA2,468,I,M,0.004368,0.1039,0.008305
268C.3 - BA2,468,I,N,0.006288,0.1039,0.008305
268C.3 - BA2,468,I,P,0.004851,0.1039,0.008305
268C.3 - BA2,468,I,Q,0.004649,0.1039,0.008305
268C.3 - BA2,468,I,R,0.005202,0.1039,0.008305
268C.3 - BA2,468,I,S,0.005164,0.1039,0.008305
268C.3 - BA2,468,I,T,0.005302,0.1039,0.008305
268C.3 - BA2,468,I,V,0.005293,0.1039,0.008305
268C.3 - BA2,468,I,W,0.006182,0.1039,0.008305
268C.3 - BA2,468,I,Y,0.004083,0.1039,0.008305
268C.3 - BA2,469,S,A,0.01041,0.06372,0.01041
268C.3 - BA2,469,S,C,0.004357,0.06372,0.01041
268C.3 - BA2,469,S,D,0.004142,0.06372,0.01041
268C.3 - BA2,469,S,E,0.00562,0.06372,0.01041
268C.3 - BA2,469,S,G,0.007341,0.06372,0.01041
268C.3 - BA2,469,S,H,0.005945,0.06372,0.01041
268C.3 - BA2,469,S,K,0.005364,0.06372,0.01041
268C.3 - BA2,469,S,N,0.004164,0.06372,0.01041
268C.3 - BA2,469,S,Q,0.003934,0.06372,0.01041
268C.3 - BA2,469,S,R,0.007877,0.06372,0.01041
268C.3 - BA2,469,S,T,0.00457,0.06372,0.01041
268C.3 - BA2,470,T,A,0.00429,0.1091,0.01494
268C.3 - BA2,470,T,C,0.007061,0.1091,0.01494
268C.3 - BA2,470,T,D,0.00473,0.1091,0.01494
268C.3 - BA2,470,T,E,0.005333,0.1091,0.01494
268C.3 - BA2,470,T,F,0.005477,0.1091,0.01494
268C.3 - BA2,470,T,G,0.004966,0.1091,0.01494
268C.3 - BA2,470,T,H,0.004384,0.1091,0.01494
268C.3 - BA2,470,T,I,0.004957,0.1091,0.01494
268C.3 - BA2,470,T,K,0.004106,0.1091,0.01494
268C.3 - BA2,470,T,L,0.005488,0.1091,0.01494
268C.3 - BA2,470,T,M,0.004842,0.1091,0.01494
268C.3 - BA2,470,T,N,0.007073,0.1091,0.01494
268C.3 - BA2,470,T,P,0.01494,0.1091,0.01494
268C.3 - BA2,470,T,Q,0.005591,0.1091,0.01494
268C.3 - BA2,470,T,R,0.006709,0.1091,0.01494
268C.3 - BA2,470,T,S,0.004737,0.1091,0.01494
268C.3 - BA2,470,T,V,0.004507,0.1091,0.01494
268C.3 - BA2,470,T,W,0.005615,0.1091,0.01494
268C.3 - BA2,470,T,Y,0.004309,0.1091,0.01494
268C.3 - BA2,471,E,A,0.00658,0.1038,0.01102
268C.3 - BA2,471,E,C,0.004863,0.1038,0.01102
268C.3 - BA2,471,E,D,0.005818,0.1038,0.01102
268C.3 - BA2,471,E,F,0.004979,0.1038,0.01102
268C.3 - BA2,471,E,G,0.01046,0.1038,0.01102
268C.3 - BA2,471,E,H,0.003619,0.1038,0.01102
268C.3 - BA2,471,E,I,0.00493,0.1038,0.01102
268C.3 - BA2,471,E,K,0.004997,0.1038,0.01102
268C.3 - BA2,471,E,L,0.004253,0.1038,0.01102
268C.3 - BA2,471,E,M,0.005425,0.1038,0.01102
268C.3 - BA2,471,E,N,0.005588,0.1038,0.01102
268C.3 - BA2,471,E,P,0.004134,0.1038,0.01102
268C.3 - BA2,471,E,Q,0.007137,0.1038,0.01102
268C.3 - BA2,471,E,R,0.01102,0.1038,0.01102
268C.3 - BA2,471,E,S,0.004302,0.1038,0.01102
268C.3 - BA2,471,E,T,0.004417,0.1038,0.01102
268C.3 - BA2,471,E,V,0.004597,0.1038,0.01102
268C.3 - BA2,471,E,Y,0.006637,0.1038,0.01102
268C.3 - BA2,472,I,A,0.004928,0.1516,0.04673
268C.3 - BA2,472,I,C,0.01079,0.1516,0.04673
268C.3 - BA2,472,I,E,0.04673,0.1516,0.04673
268C.3 - BA2,472,I,F,0.00415,0.1516,0.04673
268C.3 - BA2,472,I,H,0.005536,0.1516,0.04673
268C.3 - BA2,472,I,K,0.009811,0.1516,0.04673
268C.3 - BA2,472,I,L,0.006699,0.1516,0.04673
268C.3 - BA2,472,I,M,0.007276,0.1516,0.04673
268C.3 - BA2,472,I,N,0.005551,0.1516,0.04673
268C.3 - BA2,472,I,P,0.004165,0.1516,0.04673
268C.3 - BA2,472,I,Q,0.005259,0.1516,0.04673
268C.3 - BA2,472,I,R,0.01126,0.1516,0.04673
268C.3 - BA2,472,I,S,0.01091,0.1516,0.04673
268C.3 - BA2,472,I,T,0.00485,0.1516,0.04673
268C.3 - BA2,472,I,V,0.004877,0.1516,0.04673
268C.3 - BA2,472,I,W,0.003958,0.1516,0.04673
268C.3 - BA2,472,I,Y,0.004835,0.1516,0.04673
268C.3 - BA2,473,Y,A,0.00906,0.3034,0.1916
268C.3 - BA2,473,Y,C,0.1916,0.3034,0.1916
268C.3 - BA2,473,Y,F,0.003807,0.3034,0.1916
268C.3 - BA2,473,Y,H,0.004294,0.3034,0.1916
268C.3 - BA2,473,Y,I,0.004032,0.3034,0.1916
268C.3 - BA2,473,Y,L,0.009271,0.3034,0.1916
268C.3 - BA2,473,Y,M,0.006422,0.3034,0.1916
268C.3 - BA2,473,Y,Q,0.01217,0.3034,0.1916
268C.3 - BA2,473,Y,S,0.03259,0.3034,0.1916
268C.3 - BA2,473,Y,T,0.0118,0.3034,0.1916
268C.3 - BA2,473,Y,V,0.004443,0.3034,0.1916
268C.3 - BA2,473,Y,W,0.01387,0.3034,0.1916
268C.3 - BA2,474,Q,A,0.005421,0.08547,0.01307
268C.3 - BA2,474,Q,D,0.005598,0.08547,0.01307
268C.3 - BA2,474,Q,E,0.004941,0.08547,0.01307
268C.3 - BA2,474,Q,G,0.00544,0.08547,0.01307
268C.3 - BA2,474,Q,H,0.004865,0.08547,0.01307
268C.3 - BA2,474,Q,K,0.005054,0.08547,0.01307
268C.3 - BA2,474,Q,M,0.008318,0.08547,0.01307
268C.3 - BA2,474,Q,N,0.01307,0.08547,0.01307
268C.3 - BA2,474,Q,P,0.007879,0.08547,0.01307
268C.3 - BA2,474,Q,R,0.005322,0.08547,0.01307
268C.3 - BA2,474,Q,S,0.004814,0.08547,0.01307
268C.3 - BA2,474,Q,T,0.009109,0.08547,0.01307
268C.3 - BA2,474,Q,V,0.00564,0.08547,0.01307
268C.3 - BA2,475,A,C,0.006275,5.451,0.7739
268C.3 - BA2,475,A,F,0.771,5.451,0.7739
268C.3 - BA2,475,A,G,0.00517,5.451,0.7739
268C.3 - BA2,475,A,I,0.7281,5.451,0.7739
268C.3 - BA2,475,A,K,0.7687,5.451,0.7739
268C.3 - BA2,475,A,L,0.09524,5.451,0.7739
268C.3 - BA2,475,A,M,0.0441,5.451,0.7739
268C.3 - BA2,475,A,N,0.7708,5.451,0.7739
268C.3 - BA2,475,A,P,0.7021,5.451,0.7739
268C.3 - BA2,475,A,Q,0.7739,5.451,0.7739
268C.3 - BA2,475,A,R,0.77,5.451,0.7739
268C.3 - BA2,475,A,S,0.004311,5.451,0.7739
268C.3 - BA2,475,A,T,0.003918,5.451,0.7739
268C.3 - BA2,475,A,V,0.007486,5.451,0.7739
268C.3 - BA2,476,G,A,0.003931,1.269,0.7599
268C.3 - BA2,476,G,C,0.04134,1.269,0.7599
268C.3 - BA2,476,G,D,0.1789,1.269,0.7599
268C.3 - BA2,476,G,H,0.006142,1.269,0.7599
268C.3 - BA2,476,G,N,0.005687,1.269,0.7599
268C.3 - BA2,476,G,Q,0.2544,1.269,0.7599
268C.3 - BA2,476,G,R,0.7599,1.269,0.7599
268C.3 - BA2,476,G,S,0.00469,1.269,0.7599
268C.3 - BA2,476,G,T,0.01374,1.269,0.7599
268C.3 - BA2,477,N,A,0.00949,0.1019,0.01139
268C.3 - BA2,477,N,C,0.00473,0.1019,0.01139
268C.3 - BA2,477,N,D,0.00442,0.1019,0.01139
268C.3 - BA2,477,N,E,0.005945,0.1019,0.01139
268C.3 - BA2,477,N,F,0.003616,0.1019,0.01139
268C.3 - BA2,477,N,G,0.004594,0.1019,0.01139
268C.3 - BA2,477,N,H,0.004238,0.1019,0.01139
268C.3 - BA2,477,N,I,0.005589,0.1019,0.01139
268C.3 - BA2,477,N,K,0.004308,0.1019,0.01139
268C.3 - BA2,477,N,L,0.004866,0.1019,0.01139
268C.3 - BA2,477,N,M,0.005924,0.1019,0.01139
268C.3 - BA2,477,N,P,0.00428,0.1019,0.01139
268C.3 - BA2,477,N,Q,0.004763,0.1019,0.01139
268C.3 - BA2,477,N,R,0.004839,0.1019,0.01139
268C.3 - BA2,477,N,S,0.004859,0.1019,0.01139
268C.3 - BA2,477,N,T,0.004821,0.1019,0.01139
268C.3 - BA2,477,N,V,0.003926,0.1019,0.01139
268C.3 - BA2,477,N,W,0.005328,0.1019,0.01139
268C.3 - BA2,477,N,Y,0.01139,0.1019,0.01139
268C.3 - BA2,478,K,A,0.01573,0.1102,0.01573
268C.3 - BA2,478,K,C,0.00442,0.1102,0.01573
268C.3 - BA2,478,K,D,0.007437,0.1102,0.01573
268C.3 - BA2,478,K,E,0.004128,0.1102,0.01573
268C.3 - BA2,478,K,F,0.004632,0.1102,0.01573
268C.3 - BA2,478,K,G,0.007266,0.1102,0.01573
268C.3 - BA2,478,K,H,0.004491,0.1102,0.01573
268C.3 - BA2,478,K,I,0.004745,0.1102,0.01573
268C.3 - BA2,478,K,L,0.004929,0.1102,0.01573
268C.3 - BA2,478,K,M,0.006204,0.1102,0.01573
268C.3 - BA2,478,K,N,0.005444,0.1102,0.01573
268C.3 - BA2,478,K,P,0.004765,0.1102,0.01573
268C.3 - BA2,478,K,Q,0.005837,0.1102,0.01573
268C.3 - BA2,478,K,R,0.00501,0.1102,0.01573
268C.3 - BA2,478,K,S,0.00629,0.1102,0.01573
268C.3 - BA2,478,K,T,0.00482,0.1102,0.01573
268C.3 - BA2,478,K,V,0.005426,0.1102,0.01573
268C.3 - BA2,478,K,W,0.005428,0.1102,0.01573
268C.3 - BA2,478,K,Y,0.003221,0.1102,0.01573
268C.3 - BA2,479,P,A,0.004978,0.1088,0.009242
268C.3 - BA2,479,P,C,0.004822,0.1088,0.009242
268C.3 - BA2,479,P,D,0.004911,0.1088,0.009242
268C.3 - BA2,479,P,E,0.003155,0.1088,0.009242
268C.3 - BA2,479,P,F,0.004452,0.1088,0.009242
268C.3 - BA2,479,P,G,0.007127,0.1088,0.009242
268C.3 - BA2,479,P,H,0.004541,0.1088,0.009242
268C.3 - BA2,479,P,I,0.004242,0.1088,0.009242
268C.3 - BA2,479,P,K,0.004898,0.1088,0.009242
268C.3 - BA2,479,P,L,0.005232,0.1088,0.009242
268C.3 - BA2,479,P,M,0.007754,0.1088,0.009242
268C.3 - BA2,479,P,N,0.006318,0.1088,0.009242
268C.3 - BA2,479,P,Q,0.004326,0.1088,0.009242
268C.3 - BA2,479,P,R,0.004982,0.1088,0.009242
268C.3 - BA2,479,P,S,0.003802,0.1088,0.009242
268C.3 - BA2,479,P,T,0.007119,0.1088,0.009242
268C.3 - BA2,479,P,V,0.009242,0.1088,0.009242
268C.3 - BA2,479,P,W,0.009162,0.1088,0.009242
268C.3 - BA2,479,P,Y,0.007769,0.1088,0.009242
268C.3 - BA2,481,N,A,0.003062,0.11,0.01583
268C.3 - BA2,481,N,C,0.005839,0.11,0.01583
268C.3 - BA2,481,N,D,0.004274,0.11,0.01583
268C.3 - BA2,481,N,E,0.01583,0.11,0.01583
268C.3 - BA2,481,N,F,0.007067,0.11,0.01583
268C.3 - BA2,481,N,G,0.008121,0.11,0.01583
268C.3 - BA2,481,N,H,0.004703,0.11,0.01583
268C.3 - BA2,481,N,I,0.005331,0.11,0.01583
268C.3 - BA2,481,N,K,0.007405,0.11,0.01583
268C.3 - BA2,481,N,L,0.005215,0.11,0.01583
268C.3 - BA2,481,N,M,0.004417,0.11,0.01583
268C.3 - BA2,481,N,P,0.003261,0.11,0.01583
268C.3 - BA2,481,N,Q,0.005,0.11,0.01583
268C.3 - BA2,481,N,R,0.004026,0.11,0.01583
268C.3 - BA2,481,N,S,0.005305,0.11,0.01583
268C.3 - BA2,481,N,T,0.005144,0.11,0.01583
268C.3 - BA2,481,N,V,0.004801,0.11,0.01583
268C.3 - BA2,481,N,W,0.005976,0.11,0.01583
268C.3 - BA2,481,N,Y,0.005208,0.11,0.01583
268C.3 - BA2,482,G,A,0.005334,0.1148,0.02276
268C.3 - BA2,482,G,C,0.00504,0.1148,0.02276
268C.3 - BA2,482,G,D,0.007642,0.1148,0.02276
268C.3 - BA2,482,G,E,0.003952,0.1148,0.02276
268C.3 - BA2,482,G,F,0.005003,0.1148,0.02276
268C.3 - BA2,482,G,H,0.004225,0.1148,0.02276
268C.3 - BA2,482,G,I,0.02276,0.1148,0.02276
268C.3 - BA2,482,G,K,0.006605,0.1148,0.02276
268C.3 - BA2,482,G,L,0.005813,0.1148,0.02276
268C.3 - BA2,482,G,M,0.005554,0.1148,0.02276
268C.3 - BA2,482,G,N,0.004223,0.1148,0.02276
268C.3 - BA2,482,G,P,0.006159,0.1148,0.02276
268C.3 - BA2,482,G,Q,0.006624,0.1148,0.02276
268C.3 - BA2,482,G,R,0.00588,0.1148,0.02276
268C.3 - BA2,482,G,S,0.004322,0.1148,0.02276
268C.3 - BA2,482,G,T,0.004947,0.1148,0.02276
268C.3 - BA2,482,G,V,0.004065,0.1148,0.02276
268C.3 - BA2,482,G,Y,0.006604,0.1148,0.02276
268C.3 - BA2,483,V,A,0.005412,0.09803,0.008223
268C.3 - BA2,483,V,C,0.005552,0.09803,0.008223
268C.3 - BA2,483,V,D,0.003936,0.09803,0.008223
268C.3 - BA2,483,V,E,0.005519,0.09803,0.008223
268C.3 - BA2,483,V,F,0.004491,0.09803,0.008223
268C.3 - BA2,483,V,G,0.005488,0.09803,0.008223
268C.3 - BA2,483,V,H,0.00469,0.09803,0.008223
268C.3 - BA2,483,V,I,0.006675,0.09803,0.008223
268C.3 - BA2,483,V,K,0.004524,0.09803,0.008223
268C.3 - BA2,483,V,L,0.006783,0.09803,0.008223
268C.3 - BA2,483,V,M,0.003493,0.09803,0.008223
268C.3 - BA2,483,V,N,0.00517,0.09803,0.008223
268C.3 - BA2,483,V,P,0.004014,0.09803,0.008223
268C.3 - BA2,483,V,Q,0.005713,0.09803,0.008223
268C.3 - BA2,483,V,R,0.008223,0.09803,0.008223
268C.3 - BA2,483,V,S,0.004413,0.09803,0.008223
268C.3 - BA2,483,V,T,0.00538,0.09803,0.008223
268C.3 - BA2,483,V,W,0.00495,0.09803,0.008223
268C.3 - BA2,483,V,Y,0.003609,0.09803,0.008223
268C.3 - BA2,484,A,C,0.004583,0.09893,0.007638
268C.3 - BA2,484,A,D,0.004806,0.09893,0.007638
268C.3 - BA2,484,A,E,0.005518,0.09893,0.007638
268C.3 - BA2,484,A,F,0.004255,0.09893,0.007638
268C.3 - BA2,484,A,G,0.004762,0.09893,0.007638
268C.3 - BA2,484,A,H,0.005601,0.09893,0.007638
268C.3 - BA2,484,A,I,0.007638,0.09893,0.007638
268C.3 - BA2,484,A,K,0.004335,0.09893,0.007638
268C.3 - BA2,484,A,L,0.004459,0.09893,0.007638
268C.3 - BA2,484,A,M,0.007323,0.09893,0.007638
268C.3 - BA2,484,A,N,0.006969,0.09893,0.007638
268C.3 - BA2,484,A,P,0.005383,0.09893,0.007638
268C.3 - BA2,484,A,Q,0.005622,0.09893,0.007638
268C.3 - BA2,484,A,R,0.005245,0.09893,0.007638
268C.3 - BA2,484,A,S,0.00425,0.09893,0.007638
268C.3 - BA2,484,A,T,0.003816,0.09893,0.007638
268C.3 - BA2,484,A,V,0.004589,0.09893,0.007638
268C.3 - BA2,484,A,W,0.004891,0.09893,0.007638
268C.3 - BA2,484,A,Y,0.004889,0.09893,0.007638
268C.3 - BA2,485,G,A,0.005905,1.247,0.6821
268C.3 - BA2,485,G,C,0.02318,1.247,0.6821
268C.3 - BA2,485,G,D,0.02345,1.247,0.6821
268C.3 - BA2,485,G,E,0.01625,1.247,0.6821
268C.3 - BA2,485,G,H,0.005755,1.247,0.6821
268C.3 - BA2,485,G,K,0.004189,1.247,0.6821
268C.3 - BA2,485,G,L,0.1262,1.247,0.6821
268C.3 - BA2,485,G,M,0.01092,1.247,0.6821
268C.3 - BA2,485,G,N,0.005002,1.247,0.6821
268C.3 - BA2,485,G,P,0.6821,1.247,0.6821
268C.3 - BA2,485,G,Q,0.004105,1.247,0.6821
268C.3 - BA2,485,G,R,0.005914,1.247,0.6821
268C.3 - BA2,485,G,S,0.005847,1.247,0.6821
268C.3 - BA2,485,G,T,0.00585,1.247,0.6821
268C.3 - BA2,485,G,V,0.2377,1.247,0.6821
268C.3 - BA2,485,G,W,0.08436,1.247,0.6821
268C.3 - BA2,486,F,A,0.004616,1.684,0.6905
268C.3 - BA2,486,F,C,0.006286,1.684,0.6905
268C.3 - BA2,486,F,D,0.6905,1.684,0.6905
268C.3 - BA2,486,F,E,0.6639,1.684,0.6905
268C.3 - BA2,486,F,G,0.009184,1.684,0.6905
268C.3 - BA2,486,F,H,0.01099,1.684,0.6905
268C.3 - BA2,486,F,I,0.005486,1.684,0.6905
268C.3 - BA2,486,F,K,0.008623,1.684,0.6905
268C.3 - BA2,486,F,L,0.004815,1.684,0.6905
268C.3 - BA2,486,F,M,0.00417,1.684,0.6905
268C.3 - BA2,486,F,N,0.003978,1.684,0.6905
268C.3 - BA2,486,F,P,0.2321,1.684,0.6905
268C.3 - BA2,486,F,Q,0.004705,1.684,0.6905
268C.3 - BA2,486,F,R,0.004572,1.684,0.6905
268C.3 - BA2,486,F,S,0.01276,1.684,0.6905
268C.3 - BA2,486,F,T,0.002962,1.684,0.6905
268C.3 - BA2,486,F,V,0.004983,1.684,0.6905
268C.3 - BA2,486,F,W,0.005594,1.684,0.6905
268C.3 - BA2,486,F,Y,0.003815,1.684,0.6905
268C.3 - BA2,487,N,C,0.2312,3.454,0.7836
268C.3 - BA2,487,N,D,0.7382,3.454,0.7836
268C.3 - BA2,487,N,G,0.02219,3.454,0.7836
268C.3 - BA2,487,N,H,0.7836,3.454,0.7836
268C.3 - BA2,487,N,R,0.7699,3.454,0.7836
268C.3 - BA2,487,N,S,0.1559,3.454,0.7836
268C.3 - BA2,487,N,W,0.753,3.454,0.7836
268C.3 - BA2,489,Y,F,0.004783,0.05923,0.04166
268C.3 - BA2,489,Y,H,0.04166,0.05923,0.04166
268C.3 - BA2,489,Y,R,0.006584,0.05923,0.04166
268C.3 - BA2,489,Y,W,0.006206,0.05923,0.04166
268C.3 - BA2,490,F,A,0.00403,0.1106,0.01016
268C.3 - BA2,490,F,C,0.004503,0.1106,0.01016
268C.3 - BA2,490,F,D,0.004785,0.1106,0.01016
268C.3 - BA2,490,F,E,0.004276,0.1106,0.01016
268C.3 - BA2,490,F,G,0.01016,0.1106,0.01016
268C.3 - BA2,490,F,H,0.007918,0.1106,0.01016
268C.3 - BA2,490,F,I,0.007201,0.1106,0.01016
268C.3 - BA2,490,F,K,0.003526,0.1106,0.01016
268C.3 - BA2,490,F,L,0.005178,0.1106,0.01016
268C.3 - BA2,490,F,M,0.00433,0.1106,0.01016
268C.3 - BA2,490,F,N,0.006655,0.1106,0.01016
268C.3 - BA2,490,F,P,0.006017,0.1106,0.01016
268C.3 - BA2,490,F,Q,0.004736,0.1106,0.01016
268C.3 - BA2,490,F,R,0.00505,0.1106,0.01016
268C.3 - BA2,490,F,S,0.008685,0.1106,0.01016
268C.3 - BA2,490,F,T,0.004492,0.1106,0.01016
268C.3 - BA2,490,F,V,0.009096,0.1106,0.01016
268C.3 - BA2,490,F,W,0.006302,0.1106,0.01016
268C.3 - BA2,490,F,Y,0.003637,0.1106,0.01016
268C.3 - BA2,491,P,A,0.005874,0.03004,0.009599
268C.3 - BA2,491,P,N,0.009599,0.03004,0.009599
268C.3 - BA2,491,P,S,0.005122,0.03004,0.009599
268C.3 - BA2,491,P,T,0.009442,0.03004,0.009599
268C.3 - BA2,492,L,F,0.005301,0.03678,0.01862
268C.3 - BA2,492,L,I,0.005751,0.03678,0.01862
268C.3 - BA2,492,L,M,0.01862,0.03678,0.01862
268C.3 - BA2,492,L,V,0.007112,0.03678,0.01862
268C.3 - BA2,493,R,A,0.005447,0.08565,0.006311
268C.3 - BA2,493,R,C,0.004463,0.08565,0.006311
268C.3 - BA2,493,R,D,0.005064,0.08565,0.006311
268C.3 - BA2,493,R,E,0.004852,0.08565,0.006311
268C.3 - BA2,493,R,F,0.004713,0.08565,0.006311
268C.3 - BA2,493,R,G,0.005243,0.08565,0.006311
268C.3 - BA2,493,R,H,0.003773,0.08565,0.006311
268C.3 - BA2,493,R,I,0.006311,0.08565,0.006311
268C.3 - BA2,493,R,K,0.004591,0.08565,0.006311
268C.3 - BA2,493,R,L,0.005246,0.08565,0.006311
268C.3 - BA2,493,R,M,0.004303,0.08565,0.006311
268C.3 - BA2,493,R,N,0.003994,0.08565,0.006311
268C.3 - BA2,493,R,Q,0.004336,0.08565,0.006311
268C.3 - BA2,493,R,S,0.004744,0.08565,0.006311
268C.3 - BA2,493,R,T,0.005084,0.08565,0.006311
268C.3 - BA2,493,R,V,0.004737,0.08565,0.006311
268C.3 - BA2,493,R,W,0.004169,0.08565,0.006311
268C.3 - BA2,493,R,Y,0.004583,0.08565,0.006311
268C.3 - BA2,494,S,A,0.004529,0.08414,0.009054
268C.3 - BA2,494,S,C,0.009054,0.08414,0.009054
268C.3 - BA2,494,S,D,0.004067,0.08414,0.009054
268C.3 - BA2,494,S,E,0.005028,0.08414,0.009054
268C.3 - BA2,494,S,F,0.00535,0.08414,0.009054
268C.3 - BA2,494,S,G,0.004815,0.08414,0.009054
268C.3 - BA2,494,S,H,0.004833,0.08414,0.009054
268C.3 - BA2,494,S,K,0.006935,0.08414,0.009054
268C.3 - BA2,494,S,M,0.005204,0.08414,0.009054
268C.3 - BA2,494,S,N,0.004466,0.08414,0.009054
268C.3 - BA2,494,S,P,0.004655,0.08414,0.009054
268C.3 - BA2,494,S,Q,0.006786,0.08414,0.009054
268C.3 - BA2,494,S,R,0.003866,0.08414,0.009054
268C.3 - BA2,494,S,T,0.003909,0.08414,0.009054
268C.3 - BA2,494,S,V,0.006529,0.08414,0.009054
268C.3 - BA2,494,S,Y,0.004121,0.08414,0.009054
268C.3 - BA2,496,G,A,0.003792,0.08332,0.008542
268C.3 - BA2,496,G,C,0.003577,0.08332,0.008542
268C.3 - BA2,496,G,F,0.004676,0.08332,0.008542
268C.3 - BA2,496,G,H,0.006789,0.08332,0.008542
268C.3 - BA2,496,G,I,0.008542,0.08332,0.008542
268C.3 - BA2,496,G,K,0.005057,0.08332,0.008542
268C.3 - BA2,496,G,L,0.005168,0.08332,0.008542
268C.3 - BA2,496,G,M,0.005999,0.08332,0.008542
268C.3 - BA2,496,G,N,0.004229,0.08332,0.008542
268C.3 - BA2,496,G,Q,0.005442,0.08332,0.008542
268C.3 - BA2,496,G,R,0.00455,0.08332,0.008542
268C.3 - BA2,496,G,S,0.004467,0.08332,0.008542
268C.3 - BA2,496,G,T,0.006784,0.08332,0.008542
268C.3 - BA2,496,G,V,0.004916,0.08332,0.008542
268C.3 - BA2,496,G,W,0.005237,0.08332,0.008542
268C.3 - BA2,496,G,Y,0.004096,0.08332,0.008542
268C.3 - BA2,498,R,A,0.0069,0.04499,0.008236
268C.3 - BA2,498,R,H,0.004629,0.04499,0.008236
268C.3 - BA2,498,R,K,0.004573,0.04499,0.008236
268C.3 - BA2,498,R,M,0.004928,0.04499,0.008236
268C.3 - BA2,498,R,Q,0.003868,0.04499,0.008236
268C.3 - BA2,498,R,T,0.005362,0.04499,0.008236
268C.3 - BA2,498,R,W,0.006495,0.04499,0.008236
268C.3 - BA2,498,R,Y,0.008236,0.04499,0.008236
268C.3 - BA2,499,P,A,0.004988,0.0659,0.009582
268C.3 - BA2,499,P,D,0.006084,0.0659,0.009582
268C.3 - BA2,499,P,E,0.005299,0.0659,0.009582
268C.3 - BA2,499,P,G,0.004288,0.0659,0.009582
268C.3 - BA2,499,P,H,0.00464,0.0659,0.009582
268C.3 - BA2,499,P,K,0.006473,0.0659,0.009582
268C.3 - BA2,499,P,N,0.005734,0.0659,0.009582
268C.3 - BA2,499,P,Q,0.005138,0.0659,0.009582
268C.3 - BA2,499,P,R,0.00565,0.0659,0.009582
268C.3 - BA2,499,P,S,0.008019,0.0659,0.009582
268C.3 - BA2,499,P,T,0.009582,0.0659,0.009582
268C.3 - BA2,500,T,A,0.004978,0.08607,0.01095
268C.3 - BA2,500,T,C,0.004181,0.08607,0.01095
268C.3 - BA2,500,T,F,0.008105,0.08607,0.01095
268C.3 - BA2,500,T,G,0.004907,0.08607,0.01095
268C.3 - BA2,500,T,H,0.01095,0.08607,0.01095
268C.3 - BA2,500,T,K,0.004006,0.08607,0.01095
268C.3 - BA2,500,T,L,0.005216,0.08607,0.01095
268C.3 - BA2,500,T,M,0.003769,0.08607,0.01095
268C.3 - BA2,500,T,N,0.008763,0.08607,0.01095
268C.3 - BA2,500,T,P,0.004279,0.08607,0.01095
268C.3 - BA2,500,T,Q,0.005816,0.08607,0.01095
268C.3 - BA2,500,T,R,0.004898,0.08607,0.01095
268C.3 - BA2,500,T,S,0.004617,0.08607,0.01095
268C.3 - BA2,500,T,W,0.005324,0.08607,0.01095
268C.3 - BA2,500,T,Y,0.006263,0.08607,0.01095
268C.3 - BA2,501,Y,F,0.007656,0.02492,0.007656
268C.3 - BA2,501,Y,M,0.007209,0.02492,0.007656
268C.3 - BA2,501,Y,T,0.00427,0.02492,0.007656
268C.3 - BA2,501,Y,W,0.005783,0.02492,0.007656
268C.3 - BA2,503,V,A,0.005675,0.1142,0.01708
268C.3 - BA2,503,V,C,0.01708,0.1142,0.01708
268C.3 - BA2,503,V,D,0.005266,0.1142,0.01708
268C.3 - BA2,503,V,E,0.00506,0.1142,0.01708
268C.3 - BA2,503,V,F,0.008296,0.1142,0.01708
268C.3 - BA2,503,V,G,0.004668,0.1142,0.01708
268C.3 - BA2,503,V,H,0.005034,0.1142,0.01708
268C.3 - BA2,503,V,I,0.004118,0.1142,0.01708
268C.3 - BA2,503,V,K,0.006109,0.1142,0.01708
268C.3 - BA2,503,V,L,0.00787,0.1142,0.01708
268C.3 - BA2,503,V,M,0.004128,0.1142,0.01708
268C.3 - BA2,503,V,N,0.004879,0.1142,0.01708
268C.3 - BA2,503,V,P,0.003929,0.1142,0.01708
268C.3 - BA2,503,V,Q,0.00474,0.1142,0.01708
268C.3 - BA2,503,V,R,0.004584,0.1142,0.01708
268C.3 - BA2,503,V,S,0.005463,0.1142,0.01708
268C.3 - BA2,503,V,T,0.006057,0.1142,0.01708
268C.3 - BA2,503,V,W,0.004114,0.1142,0.01708
268C.3 - BA2,503,V,Y,0.007158,0.1142,0.01708
268C.3 - BA2,504,G,A,0.006106,0.1054,0.01185
268C.3 - BA2,504,G,C,0.004884,0.1054,0.01185
268C.3 - BA2,504,G,D,0.004708,0.1054,0.01185
268C.3 - BA2,504,G,E,0.004955,0.1054,0.01185
268C.3 - BA2,504,G,F,0.004281,0.1054,0.01185
268C.3 - BA2,504,G,H,0.00563,0.1054,0.01185
268C.3 - BA2,504,G,I,0.01185,0.1054,0.01185
268C.3 - BA2,504,G,K,0.004911,0.1054,0.01185
268C.3 - BA2,504,G,L,0.007155,0.1054,0.01185
268C.3 - BA2,504,G,M,0.00406,0.1054,0.01185
268C.3 - BA2,504,G,N,0.004113,0.1054,0.01185
268C.3 - BA2,504,G,P,0.004544,0.1054,0.01185
268C.3 - BA2,504,G,Q,0.005914,0.1054,0.01185
268C.3 - BA2,504,G,R,0.005772,0.1054,0.01185
268C.3 - BA2,504,G,S,0.004239,0.1054,0.01185
268C.3 - BA2,504,G,T,0.005161,0.1054,0.01185
268C.3 - BA2,504,G,V,0.004763,0.1054,0.01185
268C.3 - BA2,504,G,W,0.004173,0.1054,0.01185
268C.3 - BA2,504,G,Y,0.008202,0.1054,0.01185
268C.3 - BA2,505,H,A,0.004003,0.04271,0.007966
268C.3 - BA2,505,H,D,0.004051,0.04271,0.007966
268C.3 - BA2,505,H,E,0.003353,0.04271,0.007966
268C.3 - BA2,505,H,F,0.005534,0.04271,0.007966
268C.3 - BA2,505,H,N,0.004382,0.04271,0.007966
268C.3 - BA2,505,H,Q,0.007966,0.04271,0.007966
268C.3 - BA2,505,H,S,0.004675,0.04271,0.007966
268C.3 - BA2,505,H,W,0.003788,0.04271,0.007966
268C.3 - BA2,505,H,Y,0.004959,0.04271,0.007966
268C.3 - BA2,507,P,A,0.006208,0.006208,0.006208
268C.3 - BA2,508,Y,A,0.003895,0.08687,0.02976
268C.3 - BA2,508,Y,C,0.005021,0.08687,0.02976
268C.3 - BA2,508,Y,F,0.0122,0.08687,0.02976
268C.3 - BA2,508,Y,H,0.02976,0.08687,0.02976
268C.3 - BA2,508,Y,I,0.004019,0.08687,0.02976
268C.3 - BA2,508,Y,L,0.007514,0.08687,0.02976
268C.3 - BA2,508,Y,M,0.005333,0.08687,0.02976
268C.3 - BA2,508,Y,T,0.004699,0.08687,0.02976
268C.3 - BA2,508,Y,V,0.004603,0.08687,0.02976
268C.3 - BA2,508,Y,W,0.009817,0.08687,0.02976
268C.3 - BA2,510,V,C,0.01005,0.02193,0.01188
268C.3 - BA2,510,V,I,0.01188,0.02193,0.01188
268C.3 - BA2,513,L,I,0.003801,0.0139,0.0101
268C.3 - BA2,513,L,M,0.0101,0.0139,0.0101
268C.3 - BA2,514,S,A,0.005037,0.1179,0.01761
268C.3 - BA2,514,S,C,0.006006,0.1179,0.01761
268C.3 - BA2,514,S,F,0.008633,0.1179,0.01761
268C.3 - BA2,514,S,G,0.005736,0.1179,0.01761
268C.3 - BA2,514,S,H,0.008178,0.1179,0.01761
268C.3 - BA2,514,S,I,0.006684,0.1179,0.01761
268C.3 - BA2,514,S,K,0.004449,0.1179,0.01761
268C.3 - BA2,514,S,L,0.01114,0.1179,0.01761
268C.3 - BA2,514,S,M,0.004532,0.1179,0.01761
268C.3 - BA2,514,S,N,0.005857,0.1179,0.01761
268C.3 - BA2,514,S,Q,0.01761,0.1179,0.01761
268C.3 - BA2,514,S,R,0.004241,0.1179,0.01761
268C.3 - BA2,514,S,T,0.005013,0.1179,0.01761
268C.3 - BA2,514,S,V,0.004696,0.1179,0.01761
268C.3 - BA2,514,S,W,0.00463,0.1179,0.01761
268C.3 - BA2,514,S,Y,0.01546,0.1179,0.01761
268C.3 - BA2,515,F,L,0.008341,0.01876,0.008341
268C.3 - BA2,515,F,M,0.005115,0.01876,0.008341
268C.3 - BA2,515,F,Y,0.005305,0.01876,0.008341
268C.3 - BA2,516,E,D,0.003854,0.05169,0.007609
268C.3 - BA2,516,E,G,0.004002,0.05169,0.007609
268C.3 - BA2,516,E,H,0.007609,0.05169,0.007609
268C.3 - BA2,516,E,K,0.006329,0.05169,0.007609
268C.3 - BA2,516,E,N,0.005384,0.05169,0.007609
268C.3 - BA2,516,E,Q,0.004713,0.05169,0.007609
268C.3 - BA2,516,E,R,0.005017,0.05169,0.007609
268C.3 - BA2,516,E,S,0.004352,0.05169,0.007609
268C.3 - BA2,516,E,T,0.004804,0.05169,0.007609
268C.3 - BA2,516,E,W,0.005629,0.05169,0.007609
268C.3 - BA2,517,L,A,0.004574,0.125,0.01173
268C.3 - BA2,517,L,C,0.005335,0.125,0.01173
268C.3 - BA2,517,L,D,0.005184,0.125,0.01173
268C.3 - BA2,517,L,E,0.005276,0.125,0.01173
268C.3 - BA2,517,L,F,0.004105,0.125,0.01173
268C.3 - BA2,517,L,G,0.01068,0.125,0.01173
268C.3 - BA2,517,L,H,0.004441,0.125,0.01173
268C.3 - BA2,517,L,I,0.01018,0.125,0.01173
268C.3 - BA2,517,L,K,0.005064,0.125,0.01173
268C.3 - BA2,517,L,M,0.005287,0.125,0.01173
268C.3 - BA2,517,L,N,0.005402,0.125,0.01173
268C.3 - BA2,517,L,P,0.005094,0.125,0.01173
268C.3 - BA2,517,L,Q,0.004159,0.125,0.01173
268C.3 - BA2,517,L,R,0.005869,0.125,0.01173
268C.3 - BA2,517,L,S,0.008099,0.125,0.01173
268C.3 - BA2,517,L,T,0.008631,0.125,0.01173
268C.3 - BA2,517,L,V,0.01173,0.125,0.01173
268C.3 - BA2,517,L,W,0.004908,0.125,0.01173
268C.3 - BA2,517,L,Y,0.01102,0.125,0.01173
268C.3 - BA2,518,L,A,0.004084,0.09492,0.01146
268C.3 - BA2,518,L,C,0.003755,0.09492,0.01146
268C.3 - BA2,518,L,D,0.004633,0.09492,0.01146
268C.3 - BA2,518,L,E,0.0045,0.09492,0.01146
268C.3 - BA2,518,L,F,0.004992,0.09492,0.01146
268C.3 - BA2,518,L,G,0.00465,0.09492,0.01146
268C.3 - BA2,518,L,H,0.004831,0.09492,0.01146
268C.3 - BA2,518,L,I,0.005447,0.09492,0.01146
268C.3 - BA2,518,L,K,0.003709,0.09492,0.01146
268C.3 - BA2,518,L,M,0.005627,0.09492,0.01146
268C.3 - BA2,518,L,N,0.005165,0.09492,0.01146
268C.3 - BA2,518,L,P,0.005241,0.09492,0.01146
268C.3 - BA2,518,L,Q,0.004717,0.09492,0.01146
268C.3 - BA2,518,L,R,0.004024,0.09492,0.01146
268C.3 - BA2,518,L,S,0.004966,0.09492,0.01146
268C.3 - BA2,518,L,T,0.01146,0.09492,0.01146
268C.3 - BA2,518,L,V,0.003592,0.09492,0.01146
268C.3 - BA2,518,L,W,0.004953,0.09492,0.01146
268C.3 - BA2,518,L,Y,0.004575,0.09492,0.01146
268C.3 - BA2,519,H,A,0.005661,0.1047,0.009687
268C.3 - BA2,519,H,C,0.009193,0.1047,0.009687
268C.3 - BA2,519,H,D,0.004328,0.1047,0.009687
268C.3 - BA2,519,H,E,0.003576,0.1047,0.009687
268C.3 - BA2,519,H,F,0.002719,0.1047,0.009687
268C.3 - BA2,519,H,G,0.003989,0.1047,0.009687
268C.3 - BA2,519,H,I,0.004511,0.1047,0.009687
268C.3 - BA2,519,H,K,0.004818,0.1047,0.009687
268C.3 - BA2,519,H,L,0.006352,0.1047,0.009687
268C.3 - BA2,519,H,M,0.008455,0.1047,0.009687
268C.3 - BA2,519,H,N,0.005101,0.1047,0.009687
268C.3 - BA2,519,H,P,0.0044,0.1047,0.009687
268C.3 - BA2,519,H,Q,0.004877,0.1047,0.009687
268C.3 - BA2,519,H,R,0.008956,0.1047,0.009687
268C.3 - BA2,519,H,S,0.004128,0.1047,0.009687
268C.3 - BA2,519,H,T,0.00483,0.1047,0.009687
268C.3 - BA2,519,H,V,0.009687,0.1047,0.009687
268C.3 - BA2,519,H,W,0.00389,0.1047,0.009687
268C.3 - BA2,519,H,Y,0.005179,0.1047,0.009687
268C.3 - BA2,520,A,C,0.004407,0.1076,0.009955
268C.3 - BA2,520,A,D,0.004956,0.1076,0.009955
268C.3 - BA2,520,A,E,0.00412,0.1076,0.009955
268C.3 - BA2,520,A,F,0.004132,0.1076,0.009955
268C.3 - BA2,520,A,G,0.004049,0.1076,0.009955
268C.3 - BA2,520,A,H,0.004164,0.1076,0.009955
268C.3 - BA2,520,A,I,0.008392,0.1076,0.009955
268C.3 - BA2,520,A,K,0.003735,0.1076,0.009955
268C.3 - BA2,520,A,L,0.008436,0.1076,0.009955
268C.3 - BA2,520,A,M,0.004225,0.1076,0.009955
268C.3 - BA2,520,A,N,0.007492,0.1076,0.009955
268C.3 - BA2,520,A,P,0.005947,0.1076,0.009955
268C.3 - BA2,520,A,Q,0.009955,0.1076,0.009955
268C.3 - BA2,520,A,R,0.004231,0.1076,0.009955
268C.3 - BA2,520,A,S,0.007668,0.1076,0.009955
268C.3 - BA2,520,A,T,0.006849,0.1076,0.009955
268C.3 - BA2,520,A,V,0.004877,0.1076,0.009955
268C.3 - BA2,520,A,W,0.005694,0.1076,0.009955
268C.3 - BA2,520,A,Y,0.004294,0.1076,0.009955
268C.3 - BA2,521,P,A,0.004486,0.07675,0.0103
268C.3 - BA2,521,P,C,0.003918,0.07675,0.0103
268C.3 - BA2,521,P,D,0.004965,0.07675,0.0103
268C.3 - BA2,521,P,E,0.005962,0.07675,0.0103
268C.3 - BA2,521,P,G,0.004516,0.07675,0.0103
268C.3 - BA2,521,P,H,0.004128,0.07675,0.0103
268C.3 - BA2,521,P,K,0.005716,0.07675,0.0103
268C.3 - BA2,521,P,M,0.006242,0.07675,0.0103
268C.3 - BA2,521,P,N,0.003624,0.07675,0.0103
268C.3 - BA2,521,P,Q,0.004173,0.07675,0.0103
268C.3 - BA2,521,P,R,0.0103,0.07675,0.0103
268C.3 - BA2,521,P,S,0.005122,0.07675,0.0103
268C.3 - BA2,521,P,T,0.003614,0.07675,0.0103
268C.3 - BA2,521,P,V,0.00588,0.07675,0.0103
268C.3 - BA2,521,P,Y,0.004102,0.07675,0.0103
268C.3 - BA2,522,A,C,0.005017,0.09159,0.008219
268C.3 - BA2,522,A,D,0.004283,0.09159,0.008219
268C.3 - BA2,522,A,E,0.005198,0.09159,0.008219
268C.3 - BA2,522,A,F,0.005358,0.09159,0.008219
268C.3 - BA2,522,A,G,0.008219,0.09159,0.008219
268C.3 - BA2,522,A,H,0.004244,0.09159,0.008219
268C.3 - BA2,522,A,I,0.00453,0.09159,0.008219
268C.3 - BA2,522,A,K,0.005167,0.09159,0.008219
268C.3 - BA2,522,A,L,0.004787,0.09159,0.008219
268C.3 - BA2,522,A,M,0.003511,0.09159,0.008219
268C.3 - BA2,522,A,N,0.004491,0.09159,0.008219
268C.3 - BA2,522,A,P,0.003501,0.09159,0.008219
268C.3 - BA2,522,A,Q,0.005483,0.09159,0.008219
268C.3 - BA2,522,A,R,0.004613,0.09159,0.008219
268C.3 - BA2,522,A,S,0.004419,0.09159,0.008219
268C.3 - BA2,522,A,T,0.003801,0.09159,0.008219
268C.3 - BA2,522,A,V,0.003848,0.09159,0.008219
268C.3 - BA2,522,A,W,0.006556,0.09159,0.008219
268C.3 - BA2,522,A,Y,0.004565,0.09159,0.008219
268C.3 - BA2,523,T,A,0.004925,0.09248,0.008056
268C.3 - BA2,523,T,C,0.005261,0.09248,0.008056
268C.3 - BA2,523,T,D,0.003658,0.09248,0.008056
268C.3 - BA2,523,T,E,0.005755,0.09248,0.008056
268C.3 - BA2,523,T,F,0.004119,0.09248,0.008056
268C.3 - BA2,523,T,G,0.004501,0.09248,0.008056
268C.3 - BA2,523,T,H,0.004499,0.09248,0.008056
268C.3 - BA2,523,T,I,0.004228,0.09248,0.008056
268C.3 - BA2,523,T,K,0.004813,0.09248,0.008056
268C.3 - BA2,523,T,L,0.003781,0.09248,0.008056
268C.3 - BA2,523,T,M,0.008056,0.09248,0.008056
268C.3 - BA2,523,T,N,0.005861,0.09248,0.008056
268C.3 - BA2,523,T,P,0.004621,0.09248,0.008056
268C.3 - BA2,523,T,Q,0.003891,0.09248,0.008056
268C.3 - BA2,523,T,R,0.005628,0.09248,0.008056
268C.3 - BA2,523,T,S,0.004186,0.09248,0.008056
268C.3 - BA2,523,T,V,0.004431,0.09248,0.008056
268C.3 - BA2,523,T,W,0.00537,0.09248,0.008056
268C.3 - BA2,523,T,Y,0.004896,0.09248,0.008056
268C.3 - BA2,524,V,A,0.004771,0.1305,0.02391
268C.3 - BA2,524,V,C,0.004774,0.1305,0.02391
268C.3 - BA2,524,V,D,0.009003,0.1305,0.02391
268C.3 - BA2,524,V,E,0.004285,0.1305,0.02391
268C.3 - BA2,524,V,F,0.02391,0.1305,0.02391
268C.3 - BA2,524,V,G,0.008467,0.1305,0.02391
268C.3 - BA2,524,V,H,0.00519,0.1305,0.02391
268C.3 - BA2,524,V,I,0.01061,0.1305,0.02391
268C.3 - BA2,524,V,K,0.00456,0.1305,0.02391
268C.3 - BA2,524,V,L,0.00429,0.1305,0.02391
268C.3 - BA2,524,V,M,0.005234,0.1305,0.02391
268C.3 - BA2,524,V,N,0.004484,0.1305,0.02391
268C.3 - BA2,524,V,P,0.007442,0.1305,0.02391
268C.3 - BA2,524,V,Q,0.006084,0.1305,0.02391
268C.3 - BA2,524,V,R,0.005468,0.1305,0.02391
268C.3 - BA2,524,V,S,0.005935,0.1305,0.02391
268C.3 - BA2,524,V,T,0.004978,0.1305,0.02391
268C.3 - BA2,524,V,W,0.006326,0.1305,0.02391
268C.3 - BA2,524,V,Y,0.004714,0.1305,0.02391
268C.3 - BA2,526,G,A,0.009483,0.1128,0.01333
268C.3 - BA2,526,G,C,0.00601,0.1128,0.01333
268C.3 - BA2,526,G,D,0.004108,0.1128,0.01333
268C.3 - BA2,526,G,E,0.005839,0.1128,0.01333
268C.3 - BA2,526,G,F,0.006487,0.1128,0.01333
268C.3 - BA2,526,G,H,0.004065,0.1128,0.01333
268C.3 - BA2,526,G,I,0.00417,0.1128,0.01333
268C.3 - BA2,526,G,K,0.004751,0.1128,0.01333
268C.3 - BA2,526,G,L,0.003678,0.1128,0.01333
268C.3 - BA2,526,G,M,0.004523,0.1128,0.01333
268C.3 - BA2,526,G,N,0.005497,0.1128,0.01333
268C.3 - BA2,526,G,P,0.00532,0.1128,0.01333
268C.3 - BA2,526,G,Q,0.004503,0.1128,0.01333
268C.3 - BA2,526,G,R,0.004241,0.1128,0.01333
268C.3 - BA2,526,G,S,0.01333,0.1128,0.01333
268C.3 - BA2,526,G,T,0.008797,0.1128,0.01333
268C.3 - BA2,526,G,V,0.004267,0.1128,0.01333
268C.3 - BA2,526,G,W,0.006881,0.1128,0.01333
268C.3 - BA2,526,G,Y,0.006847,0.1128,0.01333
268C.3 - BA2,527,P,A,0.004648,0.1165,0.01804
268C.3 - BA2,527,P,C,0.004144,0.1165,0.01804
268C.3 - BA2,527,P,D,0.004511,0.1165,0.01804
268C.3 - BA2,527,P,E,0.004888,0.1165,0.01804
268C.3 - BA2,527,P,F,0.00546,0.1165,0.01804
268C.3 - BA2,527,P,G,0.01193,0.1165,0.01804
268C.3 - BA2,527,P,H,0.005854,0.1165,0.01804
268C.3 - BA2,527,P,I,0.01804,0.1165,0.01804
268C.3 - BA2,527,P,K,0.01085,0.1165,0.01804
268C.3 - BA2,527,P,L,0.004006,0.1165,0.01804
268C.3 - BA2,527,P,M,0.00468,0.1165,0.01804
268C.3 - BA2,527,P,N,0.004549,0.1165,0.01804
268C.3 - BA2,527,P,Q,0.004729,0.1165,0.01804
268C.3 - BA2,527,P,R,0.004593,0.1165,0.01804
268C.3 - BA2,527,P,S,0.005006,0.1165,0.01804
268C.3 - BA2,527,P,T,0.005054,0.1165,0.01804
268C.3 - BA2,527,P,V,0.004084,0.1165,0.01804
268C.3 - BA2,527,P,W,0.004649,0.1165,0.01804
268C.3 - BA2,527,P,Y,0.004846,0.1165,0.01804
268C.3 - BA2,528,K,A,0.005361,0.09865,0.009102
268C.3 - BA2,528,K,C,0.005136,0.09865,0.009102
268C.3 - BA2,528,K,D,0.003907,0.09865,0.009102
268C.3 - BA2,528,K,E,0.009102,0.09865,0.009102
268C.3 - BA2,528,K,F,0.005942,0.09865,0.009102
268C.3 - BA2,528,K,G,0.005753,0.09865,0.009102
268C.3 - BA2,528,K,H,0.005155,0.09865,0.009102
268C.3 - BA2,528,K,I,0.004346,0.09865,0.009102
268C.3 - BA2,528,K,L,0.004222,0.09865,0.009102
268C.3 - BA2,528,K,M,0.004632,0.09865,0.009102
268C.3 - BA2,528,K,N,0.004144,0.09865,0.009102
268C.3 - BA2,528,K,P,0.00615,0.09865,0.009102
268C.3 - BA2,528,K,Q,0.00528,0.09865,0.009102
268C.3 - BA2,528,K,R,0.005434,0.09865,0.009102
268C.3 - BA2,528,K,S,0.005532,0.09865,0.009102
268C.3 - BA2,528,K,T,0.004194,0.09865,0.009102
268C.3 - BA2,528,K,V,0.003862,0.09865,0.009102
268C.3 - BA2,528,K,W,0.004342,0.09865,0.009102
268C.3 - BA2,528,K,Y,0.006157,0.09865,0.009102
268C.3 - BA2,529,K,A,0.005597,0.09864,0.008643
268C.3 - BA2,529,K,C,0.004551,0.09864,0.008643
268C.3 - BA2,529,K,D,0.004229,0.09864,0.008643
268C.3 - BA2,529,K,E,0.004271,0.09864,0.008643
268C.3 - BA2,529,K,F,0.008643,0.09864,0.008643
268C.3 - BA2,529,K,G,0.006681,0.09864,0.008643
268C.3 - BA2,529,K,H,0.004661,0.09864,0.008643
268C.3 - BA2,529,K,I,0.004267,0.09864,0.008643
268C.3 - BA2,529,K,L,0.004819,0.09864,0.008643
268C.3 - BA2,529,K,M,0.00484,0.09864,0.008643
268C.3 - BA2,529,K,N,0.005705,0.09864,0.008643
268C.3 - BA2,529,K,P,0.00429,0.09864,0.008643
268C.3 - BA2,529,K,Q,0.006169,0.09864,0.008643
268C.3 - BA2,529,K,R,0.004192,0.09864,0.008643
268C.3 - BA2,529,K,S,0.005104,0.09864,0.008643
268C.3 - BA2,529,K,T,0.004313,0.09864,0.008643
268C.3 - BA2,529,K,V,0.004301,0.09864,0.008643
268C.3 - BA2,529,K,W,0.004266,0.09864,0.008643
268C.3 - BA2,529,K,Y,0.007736,0.09864,0.008643
268C.3 - BA2,530,S,A,0.006105,0.1031,0.01173
268C.3 - BA2,530,S,C,0.003928,0.1031,0.01173
268C.3 - BA2,530,S,D,0.00428,0.1031,0.01173
268C.3 - BA2,530,S,E,0.005272,0.1031,0.01173
268C.3 - BA2,530,S,F,0.008445,0.1031,0.01173
268C.3 - BA2,530,S,G,0.003924,0.1031,0.01173
268C.3 - BA2,530,S,H,0.003496,0.1031,0.01173
268C.3 - BA2,530,S,I,0.004149,0.1031,0.01173
268C.3 - BA2,530,S,K,0.004169,0.1031,0.01173
268C.3 - BA2,530,S,L,0.00486,0.1031,0.01173
268C.3 - BA2,530,S,M,0.004144,0.1031,0.01173
268C.3 - BA2,530,S,N,0.005175,0.1031,0.01173
268C.3 - BA2,530,S,P,0.006929,0.1031,0.01173
268C.3 - BA2,530,S,Q,0.00441,0.1031,0.01173
268C.3 - BA2,530,S,R,0.00411,0.1031,0.01173
268C.3 - BA2,530,S,T,0.00481,0.1031,0.01173
268C.3 - BA2,530,S,V,0.004616,0.1031,0.01173
268C.3 - BA2,530,S,W,0.01173,0.1031,0.01173
268C.3 - BA2,530,S,Y,0.008511,0.1031,0.01173
268C.3 - BA2,531,T,A,0.01599,0.1234,0.02178
268C.3 - BA2,531,T,C,0.004453,0.1234,0.02178
268C.3 - BA2,531,T,D,0.005008,0.1234,0.02178
268C.3 - BA2,531,T,E,0.003921,0.1234,0.02178
268C.3 - BA2,531,T,F,0.006355,0.1234,0.02178
268C.3 - BA2,531,T,G,0.005502,0.1234,0.02178
268C.3 - BA2,531,T,H,0.004514,0.1234,0.02178
268C.3 - BA2,531,T,I,0.004538,0.1234,0.02178
268C.3 - BA2,531,T,K,0.004645,0.1234,0.02178
268C.3 - BA2,531,T,L,0.004382,0.1234,0.02178
268C.3 - BA2,531,T,M,0.004653,0.1234,0.02178
268C.3 - BA2,531,T,N,0.007658,0.1234,0.02178
268C.3 - BA2,531,T,P,0.00744,0.1234,0.02178
268C.3 - BA2,531,T,Q,0.004722,0.1234,0.02178
268C.3 - BA2,531,T,R,0.004111,0.1234,0.02178
268C.3 - BA2,531,T,S,0.004128,0.1234,0.02178
268C.3 - BA2,531,T,V,0.004698,0.1234,0.02178
268C.3 - BA2,531,T,W,0.004896,0.1234,0.02178
268C.3 - BA2,531,T,Y,0.02178,0.1234,0.02178
